J;F;M;A;M;J;J;A;S;O;N;D;Station
0;0;0;690;1919;2166;1901;1090;999;920;317;0;10e avenue / Holt
0;0;0;1280;4850;5936;6626;6977;5931;5292;1988;0;10e avenue / Masson
0;0;0;0;0;0;0;30;53;40;19;0;11e avenue / du Souvenir
0;0;0;545;1543;1767;1881;1984;1766;1456;569;0;12e avenue / St-Zotique
0;0;0;1016;2774;3421;3497;3905;3603;3074;1190;0;15e avenue / Masson
0;0;0;704;2127;1926;1835;1746;1281;986;441;0;16e avenue / Beaubien
0;0;0;434;1489;1436;1512;1598;1458;1039;369;0;16e avenue / Jean-Talon
0;0;0;693;2107;2576;2889;3054;2709;2106;738;0;16e avenue / St-Joseph
0;0;0;850;2467;2767;2704;2821;1719;1005;359;0;18e avenue / Rosemont
0;0;0;43;0;0;0;0;0;0;0;0;18e avenue / St-Joseph Lachine
0;0;0;0;0;0;13;19;17;5;0;0;19e avenue / Saint-Antoine
0;0;0;22;87;118;74;77;56;20;10;0;19e avenue / St-Antoine
0;0;0;442;2115;2468;2642;2590;2511;1882;712;0;19e avenue / St-Zotique
0;0;0;491;1453;1840;1819;1708;1457;1269;517;0;1ère  avenue / St-Zotique
0;0;0;1530;2983;3376;1965;0;0;0;0;0;1ère avenue / Masson
0;0;0;799;2275;2485;2710;2710;2566;2315;902;0;1ère avenue / Rosemont
0;0;0;0;71;236;0;0;0;0;0;0;21e avenue / St-Joseph Lachine
0;0;0;474;1610;1775;1959;1883;1616;1248;466;0;26e avenue / Beaubien
0;0;0;239;955;974;1100;1021;1588;1180;381;0;27e avenue / Rosemont
0;0;0;350;891;839;984;939;11;0;0;0;28e avenue / Rosemont
0;0;0;395;1411;1542;1694;1799;1588;1295;547;0;29e avenue / St-Zotique
0;0;0;0;115;182;464;692;613;471;168;0;2e avenue / Centrale
0;0;0;243;803;900;934;993;974;664;200;0;2e avenue / Jean-Rivard
0;0;0;839;2904;2623;1410;0;1395;2217;893;0;2e avenue / Wellington
0;0;0;41;242;285;58;0;0;0;0;0;2e avenue /centrale
0;0;0;363;1251;1479;1517;1492;1288;1014;327;0;35e avenue / Beaubien
0;0;0;556;1738;1861;2171;2433;2099;1846;711;0;3e avenue / Holt
0;0;0;229;799;1021;1036;1022;945;711;258;0;41e avenue / Rosemont
0;0;0;2;75;61;155;189;80;62;21;0;41e avenue / Victoria
0;0;0;588;1623;1941;2115;2125;1946;1380;554;0;4e avenue / de Verdun
0;0;0;420;1148;1402;1599;1712;1404;1050;410;0;5e avenue / Bannantyne
0;0;0;745;3484;4841;5508;5420;5172;4665;1809;0;5e avenue / Masson
0;0;0;549;1565;1991;1977;2020;1945;1644;613;0;5e avenue / Rosemont
0;0;0;193;788;784;1276;1447;1135;977;367;0;6e avenue / Bélanger
0;0;0;0;0;0;40;521;452;327;138;0;6e avenue / Villeray
0;0;0;786;2139;2708;2961;2948;2675;2301;903;0;7e avenue / St-Joseph Rosemont
0;0;0;121;450;492;462;382;394;269;98;0;8e avenue / Everett
0;0;0;64;178;59;0;0;0;0;0;0;8e avenue / Jarry
0;0;0;56;215;279;185;215;121;127;57;0;8e avenue / Notre-Dame Lachine
0;0;0;0;0;0;0;181;87;0;0;0;8e avenue / Saint-Joseph Lachine
0;0;0;594;1844;1879;2349;2568;2305;2016;777;0;Alexandra / Jean-Talon
0;0;0;392;2163;2676;2932;2869;2614;2402;1023;0;Alexandre-DeSève  / Ontario
0;0;0;822;2631;3084;3719;3828;2862;2238;905;0;Alexandre-DeSève / Ste-Catherine
0;0;0;77;28;0;89;167;170;137;51;0;Alexis-Nihon / St-Louis
0;0;0;117;368;351;485;399;326;198;43;0;Alfred Laliberté / de Poutrincourt
0;0;0;0;0;0;0;100;135;74;37;0;Alton-Goldbloom / Notre-Dame
0;0;0;785;4689;4831;5660;5653;4777;3689;1463;0;André-Laurendeau / Rachel
0;0;0;27;489;1055;414;1315;1224;823;306;0;Ann / Ottawa
0;0;0;483;1906;1949;2215;2183;1695;1279;481;0;Ann / Wellington
0;0;0;306;941;1025;1411;1362;1184;969;342;0;Argyle / Bannantyne
0;0;0;589;1645;2019;2542;2327;2057;1509;534;0;Argyle / de Verdun
0;0;0;58;291;337;346;376;264;275;79;0;Aréna Chaumont (Chaumont / des Ormeaux)
0;0;0;34;111;145;169;140;122;50;19;0;Aréna Rodrigue-Gilbert (du Tricentenaire / de Montigny)
0;0;0;1479;4244;4812;5421;5843;5483;4452;1696;0;Atateken / du Square Amherst
0;0;0;63;159;163;211;163;142;86;14;0;Ateliers municipaux de St-Laurent (Cavendish / Poirier)
0;0;0;747;2415;2603;3308;3032;2344;1588;495;0;Atwater / Greene
0;0;0;567;1831;1983;2206;2093;2011;1476;567;0;Atwater / Sherbrooke
0;0;0;645;2210;2599;3102;3089;2914;2169;868;0;Augustin-Cantin / Shearer
0;0;0;1526;4967;5098;4829;5580;7881;7100;3062;0;Aylmer / Prince-Arthur
0;0;0;738;3105;3155;3154;3693;4868;4419;1949;0;Aylmer / Sherbrooke
0;0;0;499;1811;3541;4258;4275;4010;3573;1287;0;Aylmer / Ste-Catherine
0;0;0;0;289;135;0;0;0;0;0;0;Aylmer/ Sainte-Catherine
0;0;0;1561;4853;5829;6870;6973;5695;4618;1731;0;Aylwin / Ontario
0;0;0;306;1050;1202;1306;1222;302;0;0;0;Ball / Querbes
0;0;0;2762;7627;8464;9166;5995;4058;3039;1086;0;BAnQ (Berri / de Maisonneuve)
0;0;0;0;0;0;0;0;1102;1546;698;0;BAnQ (Berri)
0;0;0;503;1481;1737;1765;1739;1606;1152;461;0;Basile-Routhier / Chabanel
0;0;0;0;149;379;627;476;257;305;70;0;Bassin olympique (Chemin du Chenal le Moyne)
0;0;0;522;1564;1776;2030;2109;1823;1386;544;0;Beatty / de Verdun
0;0;0;789;2723;2920;3114;3185;2810;2254;861;0;Beaubien / 8e avenue
0;0;0;394;1400;1562;1553;1684;1236;925;307;0;Beaucourt / de la Côte-Ste-Catherine
0;0;0;89;292;337;99;89;159;112;28;0;Beaudet / Marcel-Laurin
0;0;0;808;2806;3197;3212;3062;2870;2567;1044;0;Beaudry / Ontario
0;0;0;1066;3661;3838;4255;4297;4276;3390;1301;0;Beaudry / Sherbrooke
0;0;0;227;705;877;948;914;878;680;254;0;Bel Air / St-Antoine
0;0;0;327;1062;1139;1291;1466;1251;1050;428;0;Bennett / Adam
0;0;0;697;2191;2405;2765;2674;2144;1575;573;0;Bennett / Pierre-de-Coubertin
0;0;0;345;812;911;864;0;0;0;0;0;Bennett / Ste-Catherine
0;0;0;267;1633;2081;2497;2331;2097;1332;459;0;Benny / Sherbrooke
0;0;0;950;2582;2935;2847;2891;2861;2294;869;0;Bercy / Rachel
0;0;0;280;1079;1152;1257;1271;1029;696;228;0;Berlioz / de l'Île des Soeurs
0;0;0;1093;4815;6458;7450;7488;7905;6795;2562;0;Bernard / Jeanne-Mance
0;0;0;1557;4560;5576;5760;6132;6149;5145;1864;0;Bernard / St-Urbain
0;0;0;2127;6971;8128;9424;9072;9249;7601;3028;0;Berri / Cherrier
0;0;0;0;0;0;1291;2085;2101;1806;707;0;Berri / Duluth
0;0;0;1341;3839;4287;4864;5022;4923;4012;1712;0;Berri / Rachel
0;0;0;0;0;0;0;213;2598;1757;769;0;Berri /Ste-Catherine
0;0;0;0;0;0;45;0;0;0;0;0;Berri/ Duluth
0;0;0;123;420;509;646;786;874;745;271;0;Beurling / Godin
0;0;0;208;492;581;632;553;637;732;272;0;Bibliothèque d'Ahuntsic (Lajeunesse / Fleury)
0;0;0;372;1098;1227;1223;1155;1022;874;306;0;Bibliothèque de Verdun (Brown / Bannantyne)
0;0;0;114;389;314;275;282;195;171;51;0;Bibliothèque du Boisé (Thimens / Todd)
0;0;0;0;0;0;0;319;392;318;158;0;Bibliothèque du Vieux-St-Laurent (de l'Église / Filiatrault)
0;0;0;0;0;0;601;1617;1443;1415;581;0;Bibliothèque et Complexe aquatique Rosemont (9e avenue / Rosemont)
0;0;0;30;62;103;171;152;122;111;48;0;Bibliothèque Jean-Corbeil (Goncourt / Place Montrichard)
0;0;0;0;0;2290;0;0;0;0;0;0;Bishop / de Maisonneuve
0;0;0;0;0;0;424;1424;1636;1273;414;0;Bishop / René-Lévesque
0;0;0;1437;3290;4116;4599;4725;4307;1758;541;0;Bishop / Ste-Catherine
0;0;0;0;0;491;319;0;0;0;0;0;Bishop/ René-Lévesque
0;0;0;192;1017;987;621;676;808;802;219;0;Bloomfied / St-Viateur
0;0;0;33;1045;1270;1394;1555;1441;1235;520;0;Bloomfield / Ball
0;0;0;1582;4756;5439;5772;6114;5985;4735;1833;0;Bloomfield / Bernard
0;0;0;445;1515;1685;1870;1842;1463;1204;434;0;Bloomfield / Jean-Talon
0;0;0;726;2200;2866;3068;2938;2925;2489;963;0;Bloomfield / Van Horne
0;0;0;0;0;0;0;0;0;2403;1880;0;Bordeaux / Mont-Royal
0;0;0;0;0;275;1086;86;0;0;0;0;Bossuet / Sherbrooke
0;0;0;1315;3917;4296;4754;4951;4662;3814;1497;0;Boucher / St-Denis
0;0;0;331;1274;1305;1594;1661;1291;985;368;0;Bourbonnière / du Mont-Royal
0;0;0;506;2040;2483;2850;2869;2618;2070;770;0;Bourgeoys / Favard
0;0;0;488;1611;1740;1901;1917;1292;418;151;0;Bourget / St-Jacques
0;0;0;1865;5847;6648;7559;7827;7048;6237;2271;0;Boyer / Beaubien
0;0;0;1422;3781;4137;4590;4848;4443;3921;1443;0;Boyer / Bélanger
0;0;0;3169;10011;12052;13856;14353;12487;9891;3784;0;Boyer / du Mont-Royal
0;0;0;720;2222;2453;2677;2682;2527;2260;924;0;Boyer / Everett
0;0;0;1094;3109;3411;3797;4115;3612;3176;1216;0;Boyer / Jean-Talon
0;0;0;0;0;725;2595;245;0;0;0;0;Boyer / Rachel
0;0;0;1924;5198;6037;6942;6971;4247;5528;2159;0;Boyer / Rosemont
0;0;0;1670;4621;4978;5384;5951;5484;4843;1892;0;Boyer / St-Zotique
0;0;0;159;838;1163;1229;1432;1109;866;309;0;Brittany / Ainsley
0;0;0;195;788;828;1053;1023;827;554;200;0;Bélanger / des Galeries d'Anjou
0;0;0;1578;4981;5347;6246;6095;5554;4750;1746;0;Bélanger / St-Denis
0;0;0;0;0;942;1929;157;0;0;0;0;Bélanger / St-Laurent
0;0;0;768;6589;7445;8236;7780;6655;4275;1518;0;Calixa-Lavallée / Rachel
0;0;0;1799;5374;5440;6118;6031;5304;4125;1541;0;Calixa-Lavallée / Sherbrooke
0;0;0;589;2410;2512;2828;2168;2312;1977;686;0;Campus MIL (Outremont / Thérèse-Lavoie Roux)
0;0;0;354;1044;1383;1800;1803;1653;1467;519;0;Canning / Notre-Dame
0;0;0;519;2082;2283;2528;2385;2195;1783;678;0;Cartier / Bélanger
0;0;0;853;2412;2620;3156;3288;3175;2681;1022;0;Cartier / Dandurand
0;0;0;450;1065;1182;1246;680;0;0;0;0;Cartier / Marie-Anne
0;0;0;1190;3111;3313;3652;3960;3914;3678;1524;0;Cartier / Masson
0;0;0;672;2214;2460;2482;2525;2673;2417;820;0;Cartier / Rosemont
0;0;0;422;2185;2645;2537;2782;2648;2316;895;0;Cartier / St-Joseph
0;0;0;923;2537;2921;3137;2852;1900;1704;761;0;Casgrain / Maguire
0;0;0;537;1578;1536;1862;1823;1802;1318;420;0;Casgrain / Mozart
0;0;0;423;1401;1931;1736;2202;1899;1321;593;0;Casgrain / St-Viateur
0;0;0;300;986;1036;1627;1353;1135;857;324;0;Casino de Montréal
0;0;0;114;626;716;649;694;629;766;320;0;CCI Outremont (Dollard / Durcharme)
0;0;0;61;198;238;293;290;156;200;97;0;Centre des loisirs (Tassé / Grenet)
0;0;0;0;0;0;25;25;20;7;2;0;Centre récréatif Édouard-Rivet (Lesage / Notre-Dame)
0;0;0;525;1564;1714;1804;1885;1643;1283;470;0;Centre ÉPIC (St-Zotique / 40e avenue)
0;0;0;246;929;1116;1219;1374;1345;915;321;0;Chabanel / de l'Esplanade
0;0;0;492;1733;1985;2250;2312;2019;1582;601;0;Chabanel / du Parc
0;0;0;917;2596;3055;3341;3642;3227;2872;1107;0;Chabot / Beaubien
0;0;0;902;2464;2858;2862;3154;2964;2780;1045;0;Chabot / de Bellechasse
0;0;0;2074;5837;7158;9241;9885;8528;4435;982;0;Chabot / du Mont-Royal
0;0;0;0;0;0;0;1061;1555;1314;491;0;Chabot / Laurier
0;0;0;375;1396;1534;1567;1683;1507;1120;375;0;Chabot / Villeray
0;0;0;497;1226;1613;1714;1679;442;0;0;0;Chambord / Beaubien
0;0;0;0;654;839;1059;1001;872;854;358;0;Chambord / de Castelnau
0;0;0;374;1165;1156;1164;1220;1103;932;363;0;Chambord / Fleury
0;0;0;289;725;800;999;896;845;277;0;0;Chambord / Jean-Talon
0;0;0;558;1875;1894;2060;2143;1957;1763;694;0;Chambord/ Beaubien
0;0;0;53;196;356;454;400;366;260;107;0;Champdoré / de Lorimier
0;0;0;713;2043;2544;2977;3008;2657;2110;811;0;Chapleau / du Mont-Royal
0;0;0;467;1236;1501;1640;1592;1524;1247;405;0;Chapleau / Terrasse Mercure
0;0;0;511;1595;1821;2051;1861;1518;1037;459;0;Charlevoix / Lionel-Groulx
0;0;0;2090;6436;7411;8653;7874;6858;2845;1135;0;Chomedey / de Maisonneuve
0;0;0;0;0;0;0;0;190;1687;538;0;Chomedey / Lincoln
0;0;0;782;2214;2517;2754;2579;2314;2077;774;0;Christophe-Colomb / St-Joseph
0;0;0;0;0;0;0;76;164;105;27;0;CHSLD Joseph-François-Perrault (St-Michel / Everett)
0;0;0;0;0;0;0;578;1197;983;418;0;CHSLD Robert Cliche (de Bellechasse / 16e avenue)
0;0;0;67;259;345;386;416;331;408;144;0;CHSLD St-Michel (8e avenue / Jarry)
0;0;0;0;0;0;0;0;0;0;0;0;CHU Sainte-Justine (Côte Sainte-Catherine / Hudson)
0;0;0;0;198;1121;1158;1369;1964;1569;340;0;CHU Sainte-Justine (de la Côte Sainte-Catherine / Hudson)
0;0;0;636;2032;2009;1827;2193;2402;2016;1080;0;CHU Ste-Justine (de la Côte Ste-Catherine / Hudson)
0;0;0;771;2221;2740;2717;2609;3357;2508;925;0;City Councillors / du President-Kennedy
0;0;0;387;1189;1495;2072;1538;1214;967;414;0;Cité des Arts du Cirque (Paul Boutet / des Regrattiers)
0;0;0;142;465;468;241;192;220;139;50;0;CIUSSS (du Trianon / Pierre-de-Coubertin)
0;0;0;390;1525;1662;1736;2012;1803;1476;594;0;Clark / de Liège
0;0;0;326;1042;1229;1391;1437;1258;895;315;0;Clark / Fleury
0;0;0;1243;4459;5191;5737;5317;5452;1662;574;0;Clark / Ontario
0;0;0;2177;7195;9187;9415;10556;11952;9359;3678;0;Clark / Prince-Arthur
0;0;0;2328;7653;8699;8578;8568;9781;8413;3244;0;Clark / Rachel
0;0;0;1128;4867;5920;6726;7013;6634;5637;2152;0;Clark / St-Viateur
0;0;0;208;423;594;736;792;842;594;170;0;Clark / St-Zotique
0;0;0;0;0;0;0;497;1243;981;390;0;Collège de Rosemont (15e avenue / Beaubien)
0;0;0;120;308;324;414;408;387;264;97;0;Collège Édouard-Montpetit (de Gentilly / de Normandie)
0;0;0;0;0;0;0;652;1073;876;377;0;Complexe sportif Claude Robillard (Émile-Journault)
0;0;0;348;1359;996;608;645;727;612;218;0;Complexe sportif Claude-Robillard
0;0;0;2183;7206;5753;8777;8760;8744;8170;3473;0;Crescent / de Maisonneuve
0;0;0;1268;4961;4770;3577;3708;3821;2023;0;0;Crescent / René-Lévesque
0;0;0;817;3065;3784;3380;2675;3189;2705;1236;0;Cypress / Peel
0;0;0;0;0;0;0;1379;2603;1915;924;0;CÉGEP du Vieux-Montréal (Ontario / de l'Hôtel-de-Ville)
0;0;0;100;180;268;275;291;380;263;106;0;Cégep André-Laurendeau
0;0;0;119;371;352;350;644;578;514;201;0;Cégep André-Laurendeau (Lapierre)
0;0;0;71;168;135;113;129;162;122;70;0;Cégep Marie-Victorin
0;0;0;0;0;0;0;0;0;191;79;0;d'Iberville / Fleury
0;0;0;0;277;777;1014;1046;1060;604;268;0;d'Orléans / du Mont-Royal
0;0;0;559;1722;1893;2205;2256;2152;1595;580;0;d'Orléans / Hochelaga
0;0;0;782;2458;2938;3308;3349;3008;2680;1046;0;d'Orléans / Masson
0;0;0;388;1398;1626;1787;1822;1525;1270;491;0;d'Outremont / Ogilvy
0;0;0;0;0;0;0;858;900;789;263;0;Dandurand / de Lorimier
0;0;0;0;0;0;292;73;0;0;0;0;Dandurand / des Érables
0;0;0;0;0;0;0;895;916;819;287;0;Darling / Sherbrooke
0;0;0;468;1151;1178;1215;1236;1327;1138;480;0;Davaar / de la Côte-Ste-Catherine
0;0;0;749;3162;3523;4021;4039;3778;3336;1227;0;de Bellechasse / de St-Vallier
0;0;0;0;0;0;0;0;353;733;262;0;de Bellechasse / Pie-IX
0;0;0;68;153;144;161;212;205;65;0;0;de Belleville / Fleury
0;0;0;882;3317;3836;3889;3861;3952;3338;1341;0;de Bleury / de Maisonneuve
0;0;0;1041;2814;3059;3316;3028;3002;2945;1279;0;de Bordeaux / Gilford
0;0;0;776;1982;1944;1854;2177;1987;1606;591;0;de Bordeaux / Jean-Talon
0;0;0;1113;3043;3419;3325;3595;3919;3238;1313;0;de Bordeaux / Marie-Anne
0;0;0;1020;2872;3088;3262;3693;3718;3450;1390;0;de Bordeaux / Masson
0;0;0;922;3866;4323;4637;2160;1722;1501;622;0;de Bordeaux / Sherbrooke
0;0;0;684;1843;2064;2375;2559;2311;1942;768;0;de Bordeaux / St-Zotique
0;0;0;2992;8353;10083;11342;11827;9992;8181;3189;0;de Brébeuf / du Mont-Royal
0;0;0;0;0;0;0;0;1112;1841;714;0;de Brébeuf / Gilford
0;0;0;1321;3636;4316;4350;4818;4457;3800;1421;0;de Bullion / du Mont-Royal
0;0;0;953;3080;3566;4264;3965;2741;2719;1214;0;de Bullion / St-Joseph
0;0;0;284;1754;2120;2298;2505;2262;1926;725;0;de Castelnau / Lajeunesse
0;0;0;0;0;0;0;0;118;285;164;0;de Chambly / de Rouen
0;0;0;859;2508;2386;2671;2760;2418;2013;810;0;de Chambly / Rachel
0;0;0;540;1255;1617;1921;2087;1954;1677;688;0;de Champlain / Ontario
0;0;0;443;1506;1617;1907;2073;1810;1433;545;0;de Chateaubriand / Jarry
0;0;0;258;621;788;812;830;786;541;168;0;de Chateaubriand / Leman
0;0;0;0;0;0;0;61;47;34;6;0;de Chenonceau / Chomedey
0;0;0;0;0;0;727;844;695;535;182;0;de Châteauguay / Ropery
0;0;0;106;325;243;263;438;363;279;110;0;de Côme / Jean-Talon
0;0;0;1238;3466;3935;4532;4895;4266;3600;1411;0;de Gaspé / Beaubien
0;0;0;589;1918;2041;2532;2740;2262;1815;312;0;de Gaspé / Dante
0;0;0;525;1519;1824;1970;2099;1886;1513;622;0;de Gaspé / de Liège
0;0;0;903;2252;2366;2558;2979;3101;2909;1132;0;de Gaspé / Fairmount
0;0;0;534;1724;1934;1983;2068;1919;1478;500;0;de Gaspé / Jarry
0;0;0;464;1201;1410;1424;1519;1356;777;312;0;de Gaspé / Marmier
0;0;0;911;2320;2770;2689;2638;1835;1612;756;0;de Gaspé / St-Viateur
0;0;0;816;2425;2723;2867;3234;2871;2225;874;0;de Gaspé / Villeray
0;0;0;0;0;0;0;2;46;46;19;0;de Grenoble / de Cassis
0;0;0;112;201;0;0;0;0;0;0;0;de Grosbois / Ducheneau
0;0;0;71;294;538;606;545;473;369;182;0;de Grosbois / Duchesneau
0;0;0;291;918;1086;1193;1360;1288;968;340;0;de Hampton / de Monkland
0;0;0;781;3171;3958;4230;4515;4035;2744;956;0;de Kent / de la Côte-des-Neiges
0;0;0;136;491;766;831;240;0;0;0;0;de Kent / Victoria
0;0;0;193;685;771;406;391;327;320;149;0;de l'Eglise / St-Germain
0;0;0;1580;5985;6545;6999;6813;7306;5555;1953;0;de l'Esplanade / du Mont-Royal
0;0;0;2008;5603;6273;7402;7557;7752;6197;2404;0;de l'Esplanade / Fairmount
0;0;0;0;1828;2047;2040;1518;1592;1269;550;0;de l'Hôtel-de-Ville / Ontario
0;0;0;968;3064;3722;3831;4365;4589;3817;1524;0;de l'Hôtel-de-Ville / Roy
0;0;0;1145;3809;3462;4139;4469;4810;3988;1576;0;de l'Hôtel-de-Ville / Sherbrooke
0;0;0;0;0;0;0;0;791;0;0;0;de l'Hôtel-de-Ville / St-Joseph
0;0;0;880;2822;3436;3947;3593;4117;2928;1101;0;de l'Hôtel-de-Ville / Ste-Catherine
0;0;0;0;0;0;0;0;0;1858;730;0;de l'Hôtel-de-Ville / Villeneuve
0;0;0;647;1998;2177;2497;2466;1963;1440;540;0;de l'Église / Bannantyne
0;0;0;664;1861;2152;2402;2347;1908;1284;485;0;de l'Église / de Verdun
0;0;0;530;1822;2388;2019;2494;2301;1897;478;0;de la Cathédrale / René-Lévesque
0;0;0;1827;6626;7434;10163;9031;6331;4218;1361;0;de la Commune / Berri
0;0;0;0;2333;210;0;0;0;0;0;0;De la Commune / King
0;0;0;993;5026;8387;11077;9726;7501;4897;1775;0;de la Commune / King (2)
0;0;0;2603;9930;11518;15194;13581;8934;5030;1468;0;de la Commune / Place Jacques-Cartier
0;0;0;2301;8697;9904;12306;11773;8171;5230;1758;0;de la Commune / St-Sulpice
0;0;0;408;1505;1617;1392;1508;1678;1417;528;0;de la Côte St-Antoine / Argyle
0;0;0;394;1351;1582;1725;1859;1726;1369;473;0;de la Côte St-Antoine / Royal
0;0;0;861;2917;3320;3949;3525;2937;1932;689;0;de la Côte St-Paul / St-Ambroise
0;0;0;461;1662;2091;2191;2181;2394;1886;838;0;de la Gauchetière / Robert-Bourassa
0;0;0;532;1496;1828;1834;2057;1415;1319;668;0;de la Montagne / Sherbrooke
0;0;0;674;3167;2994;2759;2726;2765;265;0;0;de la Montagne/ Sherbrooke
0;0;0;272;1240;1155;1081;1224;1467;837;279;0;de la Peltrie / de la Côte-des-Neiges
0;0;0;119;0;0;0;0;0;0;0;0;de la Pépinière / Pierre-de-Coubertin
0;0;0;1043;3153;3627;3438;3620;3422;2771;1079;0;de la Roche /  de Bellechasse
0;0;0;1004;2943;3430;3587;3697;3449;2929;1179;0;de la Roche / Bélanger
0;0;0;512;1693;1782;1861;1824;1692;1302;510;0;de la Roche / Everett
0;0;0;0;0;0;0;0;1491;2099;798;0;de la Roche / Marie-Anne
0;0;0;0;138;0;0;0;0;0;0;0;de la Rotonde / Jacques-Le Ber
0;0;0;210;597;713;733;865;886;642;191;0;de la Salle / Hochelaga
0;0;0;0;0;0;417;1225;1100;903;358;0;de la Salle / Ontario
0;0;0;276;600;726;869;155;0;0;0;0;de la Salle / Ste-Catherine
0;0;0;914;2935;2948;3283;3231;2949;2322;790;0;de Lanaudière / Bélanger
0;0;0;0;1424;188;0;0;0;0;0;0;De Lanaudière / du Mont-Royal
0;0;0;675;3455;6675;8506;9172;8511;7035;2528;0;de Lanaudière / du Mont-Royal (2)
0;0;0;1698;4408;5214;5724;6050;5524;5006;2272;0;de Lanaudière / Laurier
0;0;0;1357;3298;3399;3291;3477;3595;3001;1253;0;de Lanaudière / Marie-Anne
0;0;0;401;1229;1431;1990;1754;1374;1311;545;0;de Laprairie / Centre
0;0;0;194;668;650;711;816;582;455;174;0;de Lisieux / Jean-Talon
0;0;0;363;1577;2192;2443;2703;2394;1971;787;0;de Léry / Sherbrooke
0;0;0;0;0;0;0;186;56;0;0;0;de l’hôtel de ville / Saint-Joseph
0;0;0;731;2012;2118;1967;1822;2125;1766;689;0;de Maisonneuve / Aylmer (est)
0;0;0;1079;3235;2514;2887;2668;2737;2349;895;0;de Maisonneuve / Aylmer (ouest)
0;0;0;118;407;490;666;718;821;586;206;0;de Maisonneuve / Berri
0;0;0;1386;4443;4804;4914;5013;4774;3745;1364;0;de Maisonneuve / Greene
0;0;0;1064;3144;3600;4132;4165;3475;2772;1147;0;de Maisonneuve / Mansfield (nord)
0;0;0;1492;4379;5411;6001;5891;5373;4165;1604;0;de Maisonneuve / Mansfield (sud)
0;0;0;0;0;0;0;0;646;1147;455;0;de Maisonneuve / Mansfield SE
0;0;0;444;1378;1663;1784;2048;1624;1351;461;0;de Melrose / Sherbrooke
0;0;0;1012;2810;2955;1614;1674;1588;1414;484;0;de Mentana / Gilford
0;0;0;1604;6067;6360;7048;6595;5266;3480;1280;0;de Mentana / Laurier
0;0;0;1113;3469;4006;4179;4416;4405;3385;1288;0;de Mentana / Marie-Anne
0;0;0;1471;1905;1495;0;2783;3131;2724;1006;0;de Mentana / Rachel
0;0;0;0;0;268;1488;1299;1495;1288;489;0;de Mentana / St-Joseph
0;0;0;604;1982;2140;2140;2168;2049;1592;553;0;de Monkland / Girouard
0;0;0;0;0;0;0;0;1040;1389;506;0;de Normanville / Beaubien
0;0;0;0;0;0;0;0;0;162;0;0;de Normanville / Jean-Talon
0;0;0;827;2251;2479;2685;2817;2528;2080;722;0;de Normanville / Villeray
0;0;0;271;1022;1136;1200;1147;1088;1333;536;0;de Rouen / Lespérance
0;0;0;796;2577;2610;2234;2643;2690;2275;907;0;de Soissons / de Darlington
0;0;0;308;795;947;917;599;675;423;170;0;de St-Firmin / Fleury
0;0;0;746;2377;2587;2803;3206;2928;2468;848;0;de St-Vallier / St-Zotique
0;0;0;0;0;263;883;833;664;457;291;0;de Versailles / St-Jacques
0;0;0;542;1650;2003;2202;2144;1753;1263;489;0;de Ville-Marie / Ste-Catherine
0;0;0;0;0;0;0;0;38;322;141;0;Delisle / George-Vanier
0;0;0;1975;7019;7833;9651;9058;7253;5089;1923;0;des Bassins / du Séminaire
0;0;0;503;0;0;0;0;0;0;0;0;des Bassins / Richmond
0;0;0;170;584;820;762;850;550;410;138;0;des Jockeys / Décarie
0;0;0;27;299;378;494;430;325;254;101;0;des Ormeaux / de Grosbois
0;0;0;289;829;1151;1338;1071;776;343;116;0;des Ormeaux / Notre-Dame
0;0;0;127;332;328;188;197;149;105;46;0;des Récollets / Martial
0;0;0;949;2799;3188;3293;3592;3133;2434;979;0;des Récollets / McGill
0;0;0;932;2976;3563;4275;4092;3560;2641;1253;0;des Seigneurs / Notre-Dame
0;0;0;275;1619;1760;2531;2784;1694;743;302;0;des Soeurs-Grises / Marguerite-d'Youville
0;0;0;440;1202;1355;1209;1584;1505;1181;452;0;des Érables / Bélanger
0;0;0;675;1661;1991;1462;1261;1236;1159;478;0;des Érables / Dandurand
0;0;0;800;1977;2723;3485;3716;3572;2838;1126;0;des Érables / du Mont-Royal
0;0;0;425;2437;2855;3310;3513;3275;2956;1192;0;des Érables / Laurier
0;0;0;1480;4090;4426;4424;4617;4305;3964;1593;0;des Érables / Rachel
0;0;0;0;319;889;974;536;670;429;152;0;Des Érables / Villeray
0;0;0;605;1597;1887;1544;850;657;621;204;0;Desjardins / Ontario
0;0;0;2;0;0;18;33;48;0;0;0;Dixie / 53e avenue
0;0;0;34;114;87;109;95;92;49;15;0;Dixie / 54e avenue
0;0;0;691;1904;2075;1726;1963;2264;1878;887;0;Dollard / Bernard
0;0;0;1033;3186;3432;3032;3503;4013;3149;1209;0;Dollard / Van Horne
0;0;0;0;0;0;0;1326;1641;1361;501;0;Dorion / Gauthier
0;0;0;1881;5258;6546;7050;6597;6472;5232;1977;0;Dorion / Ontario
0;0;0;534;1875;2647;2804;2923;3289;2799;1155;0;Dorion / Rachel
0;0;0;0;0;0;0;2316;2546;2221;916;0;Dorion / Sherbrooke
0;0;0;994;2989;3636;3918;4199;3731;3138;1080;0;Drolet / Beaubien
0;0;0;0;0;0;0;0;0;78;159;0;Drolet / Faillon
0;0;0;601;1879;2013;2263;2401;2056;1753;621;0;Drolet / Gounod
0;0;0;545;1756;1920;2073;2098;1849;1511;646;0;Drolet / Jarry
0;0;0;1856;5763;5873;6337;7207;7487;6446;2673;0;Drolet / Laurier
0;0;0;1556;5165;5724;6124;6367;6705;5852;2257;0;Drolet / Marie-Anne
0;0;0;893;2493;2752;3025;3123;3115;2817;1071;0;Drolet / St-Zotique
0;0;0;1312;4210;4868;4429;4120;4043;3196;1125;0;Drummond / de Maisonneuve
0;0;0;0;844;1399;1403;1258;2125;3329;1186;0;Drummond / Sherbrooke
0;0;0;1093;3990;4771;5022;5174;4972;4017;1307;0;Drummond / Ste-Catherine
0;0;0;480;1732;2055;2503;2357;2108;1389;532;0;du Champ-de-Mars / Gosford
0;0;0;712;2355;2595;3212;3199;2743;1850;625;0;du Havre / de Rouen
0;0;0;0;0;0;0;48;63;38;15;0;du Mans / des Alouettes
0;0;0;724;2293;2584;2613;2637;2538;2112;624;0;du Mont-Royal / Augustin-Frigon
0;0;0;3525;11277;13237;14691;15485;15614;13197;5197;0;du Mont-Royal / Clark
0;0;0;0;0;0;0;0;0;46;300;0;du Mont-Royal / Laurendeau
0;0;0;1658;4798;4602;5222;5383;4491;3507;1417;0;du Parc-La Fontaine / Duluth
0;0;0;1594;5273;4971;5862;5595;4777;3384;1226;0;du Parc-La Fontaine / Roy
0;0;0;519;4494;5208;1275;288;4543;3840;1557;0;du Parc-Lafontaine / Rachel
0;0;0;1173;3114;4029;4199;4349;4556;3463;1377;0;du President-Kennedy / Union
0;0;0;857;1977;2651;2772;884;0;0;0;0;du Président-Kennedy / Jeanne-Mance
0;0;0;349;1443;1462;1585;1521;1374;891;319;0;Du Quesne / Pierre-de-Coubertin
0;0;0;847;2185;2412;2622;2692;2662;2201;831;0;du Rosaire / St-Hubert
0;0;0;52;221;122;150;202;76;93;24;0;du Souvenir / Chomedey
0;0;0;46;114;160;206;190;122;54;8;0;du Tricentenaire / Prince-Albert
0;0;0;452;1344;1484;1498;1514;1384;969;375;0;Dubois / Eadie
0;0;0;46;139;194;305;343;243;217;69;0;Duchesneau / de Marseille
0;0;0;0;0;22;7;0;0;0;0;0;Duchesneau / Marseille
0;0;0;0;0;0;0;0;0;0;0;0;Duchesneau/Marseille
0;0;0;751;1874;2150;2524;2297;1719;1347;624;0;Duke / Brennan
0;0;0;0;0;0;0;0;204;3508;1458;0;Duluth  / St-Denis
0;0;0;0;0;0;0;0;0;0;12;0;Duluth  / St-Denis (2)
0;0;0;1918;7085;6963;6580;6976;7820;5968;2118;0;Duluth / de l'Esplanade
0;0;0;0;0;0;0;0;225;0;0;0;Duluth / du Parc
0;0;0;637;1536;2419;146;0;0;0;0;0;Duluth / St-Denis
0;0;0;2461;7630;8892;9422;9988;11013;9227;3805;0;Duluth / St-Laurent
0;0;0;1109;3595;2027;0;0;0;0;0;0;Duluth /St-Denis
0;0;0;124;284;275;280;312;239;189;57;0;Dumesnil / Bélanger
0;0;0;283;1167;1378;1428;1865;2147;1927;720;0;Durocher / Beaumont
0;0;0;793;2431;2745;3062;3119;3237;2761;1092;0;Durocher / Bernard
0;0;0;987;2791;2764;2437;2593;2966;2464;1034;0;Durocher / Sherbrooke
0;0;0;241;710;888;783;828;1116;1217;521;0;Durocher / St-Viateur
0;0;0;0;0;0;0;0;533;789;264;0;Durocher / Van Horne
0;0;0;1057;3407;3848;4475;4403;3589;2653;952;0;Duvernay / Charlevoix
0;0;0;0;0;0;31;111;0;0;0;0;Dépôt Festivals ( de Maisonneuve / St-Laurent)
0;0;0;1256;3757;4245;4617;4666;4266;3479;1278;0;Dézéry / Ontario
0;0;0;559;1720;1939;2008;2067;1786;1346;520;0;Earnscliffe / Queen-Mary
0;0;0;95;482;788;959;928;664;422;145;0;Egan / Laurendeau
0;0;0;1001;2472;1820;2094;2209;2211;1721;518;0;Eleanor / Ottawa
0;0;0;299;986;1071;1448;1330;981;702;240;0;Elgar / de l'Île-des-Sœurs
0;0;0;291;740;1058;1036;1129;1107;796;263;0;Ellendale / de la Côte-des-Neiges
0;0;0;489;1283;1453;1664;1655;1433;1267;544;0;Ernest-Gendreau / du Mont-Royal
0;0;0;0;0;0;0;0;134;1551;670;0;Evans / Clark
0;0;0;0;0;243;317;312;338;222;59;0;Everett / 8e avenue
0;0;0;230;711;781;879;906;809;698;274;0;Everett / Garnier
0;0;0;801;1805;2140;2513;2764;2414;2247;854;0;Fabre / Beaubien
0;0;0;755;2404;2673;2775;3165;2697;2547;1075;0;Fabre / St-Zotique
0;0;0;0;0;0;0;747;756;721;340;0;Fabrik8 (Waverly / Jean-Talon)
0;0;0;856;2557;2872;3304;3566;3050;2384;587;0;Faillon / St-Denis
0;0;0;113;266;310;90;0;0;0;0;0;Fleury / André-Jobin
0;0;0;0;0;0;182;380;387;290;88;0;Fleury / de St-Firmin
0;0;0;209;592;643;623;482;0;0;0;0;Fleury / Lajeunesse
0;0;0;556;1656;2168;2511;2490;2260;1754;662;0;Fortune / Wellington
0;0;0;275;757;934;1067;1085;1068;729;290;0;Francis / Fleury
0;0;0;109;293;207;291;283;191;111;24;0;François-Boivin / Bélanger
0;0;0;851;2693;3173;3420;3555;3374;2673;1087;0;Fullum / de Rouen
0;0;0;720;2067;1976;2394;2401;2113;2041;944;0;Fullum / Gilford
0;0;0;593;2221;2563;2814;2934;2705;2434;952;0;Fullum / Holt
0;0;0;1112;3735;4057;4247;4324;3875;3430;1443;0;Fullum / Marie-Anne
0;0;0;658;2194;1159;2764;3049;2841;2222;796;0;Fullum / Ontario
0;0;0;741;1917;2403;701;0;0;0;0;0;Fullum / Sherbrooke
0;0;0;472;1696;2006;2095;2137;1904;1654;638;0;Fullum / Terrasse Mercure
0;0;0;308;1172;993;1246;1085;713;503;127;0;Gagne / LaSalle
0;0;0;206;750;778;959;1123;1224;791;268;0;Gare Bois-de-Boulogne
0;0;0;880;3546;4249;5092;5403;5344;3814;1489;0;Gare d'autocars de Montréal (Berri / Ontario)
0;0;0;0;0;0;0;34;39;27;18;0;Gare du Ruisseau (Dutrisac / Henri-Bourassa)
0;0;0;0;0;0;0;0;0;0;3;0;Gare Lachine (Sir George Simpson / 48e avenue)
0;0;0;0;0;0;0;210;118;108;37;0;Gare Montpellier (Muir / de la Côte-Vertu)
0;0;0;0;0;0;0;60;88;55;25;0;Gare St-Michel / Montréal-Nord (Pie-IX / 56e)
0;0;0;448;0;0;0;0;0;0;0;0;Garnier / du Mont-Royal
0;0;0;143;381;547;678;652;535;462;182;0;Garnier / Everett
0;0;0;1152;3064;3107;3545;3846;3722;3219;1347;0;Garnier / St-Grégoire
0;0;0;796;2396;2591;2845;3045;3171;2859;1067;0;Garnier / St-Joseph
0;0;0;1649;5992;6175;7170;7525;4708;3036;999;0;Gary-Carter / St-Laurent
0;0;0;588;2784;3517;3927;3055;2546;2342;955;0;Gauthier / de Lorimier
0;0;0;2292;5955;6617;6878;6924;6256;5301;2182;0;Gauthier / Papineau
0;0;0;937;2162;2359;2764;3077;2849;2457;969;0;Gauthier / Parthenais
0;0;0;439;1436;1637;1926;1792;1574;1157;457;0;Georges-Vanier / Notre-Dame
0;0;0;773;2614;3035;3381;3458;3077;2321;958;0;Gerry-Boulet / St-Grégoire
0;0;0;1343;3883;4375;4246;4132;2831;1762;659;0;Gilford / de Brébeuf
0;0;0;1062;2905;3098;3033;3102;2913;2638;991;0;Gilford / de Lanaudière
0;0;0;450;1339;1489;840;2357;2528;2150;605;0;Gilford / des Érables
0;0;0;0;178;778;618;0;0;0;0;0;Gilford / Parthenais
0;0;0;684;2784;2797;3147;4945;5469;4763;2053;0;Gilford / St-Denis
0;0;0;227;669;823;833;773;605;404;163;0;Glengarry / Graham
0;0;0;84;448;666;689;608;460;331;90;0;Gloria / Dollard
0;0;0;882;2479;2208;1236;1545;1825;2156;791;0;Gordon / Wellington
0;0;0;239;953;1185;1182;1293;1189;924;303;0;Graham / Brookfield
0;0;0;263;1029;1203;1222;1282;1148;908;347;0;Graham / Kindersley
0;0;0;304;962;1164;1228;1337;1172;977;322;0;Graham / Wicksteed
0;0;0;346;1123;1303;1585;1429;1429;973;390;0;Grand Boulevard / de Terrebonne
0;0;0;591;1706;2137;2303;2367;1779;1250;392;0;Grand Boulevard / Sherbrooke
0;0;0;603;1821;2005;979;972;796;105;0;0;Grand Trunk / d'Hibernia
0;0;0;0;0;0;0;0;0;0;4;0;Grenet / Poirier
0;0;0;431;2086;1509;1712;1609;1240;904;429;0;Grey / Sherbrooke
0;0;0;1508;5102;5939;6396;6574;7310;6168;2414;0;Guilbault / Clark
0;0;0;0;271;413;452;464;501;381;174;0;Guizot / Clark
0;0;0;616;1876;1918;2164;2190;1966;1621;602;0;Guizot / St-Denis
0;0;0;409;853;807;773;801;913;775;337;0;Guizot / St-Laurent
0;0;0;1012;3422;4279;3396;2817;3624;2705;1073;0;Guy / Notre-Dame
0;0;0;0;0;0;0;5035;6671;5554;2163;0;Guy / Sainte-Catherine
0;0;0;216;607;617;673;789;645;529;199;0;Hamel / Sauvé
0;0;0;488;1525;1781;1998;1837;1385;1125;436;0;Hamilton / Jolicoeur
0;0;0;471;1554;1874;2036;2183;2087;1537;612;0;Harvard / de Monkland
0;0;0;0;559;1404;1994;2048;2521;1894;771;0;HEC (Decelles / Jean-Brillant)
0;0;0;645;1851;2194;2379;2372;2156;1781;589;0;Henri-Julien / de Bellechasse
0;0;0;858;2657;3061;3178;3530;3176;2522;963;0;Henri-Julien / de Castelnau
0;0;0;624;1733;1991;2110;2385;2459;2096;881;0;Henri-Julien / du Carmel
0;0;0;0;0;1287;2879;3023;2403;0;0;0;Henri-Julien / Duluth
0;0;0;829;2787;2695;1527;0;1367;2407;898;0;Hickson / Wellington
0;0;0;608;1850;2057;2223;2214;1993;1516;546;0;Hillside / Ste-Catherine
0;0;0;515;1773;2033;2345;2477;2344;1896;600;0;Hochelaga / Chapleau
0;0;0;0;0;0;0;0;124;272;116;0;Hochelaga / de l'Assomption
0;0;0;452;1318;1628;1853;1701;1480;1121;414;0;Hogan / Ontario
0;0;0;448;1463;1826;2032;2176;1873;1680;657;0;Hutchison / Beaubien
0;0;0;0;0;0;239;269;0;0;0;0;Hutchison / Beaumont
0;0;0;1754;4440;4922;4903;5304;7379;6474;2655;0;Hutchison / des Pins
0;0;0;943;4579;4693;4806;6075;6927;5527;2498;0;Hutchison / Prince-Arthur
0;0;0;297;1311;1708;1808;2169;2837;2183;781;0;Hutchison / Sherbrooke
0;0;0;286;753;985;1894;2824;2214;1465;554;0;Hutchison / Van Horne
0;0;0;496;1548;1003;6;0;0;0;0;0;Hutchison/ Van Horne
0;0;0;746;2253;2183;2304;2468;2642;2080;808;0;Hélène-Baillargeon / St-Denis
0;0;0;601;1961;2261;2201;2279;931;748;293;0;Hôpital général juif (de la Côte Ste-Catherine / Légaré)
0;0;0;0;0;0;0;0;365;740;317;0;Hôpital Général Juif (de la Côte-Ste-Catherine / Légaré)
0;0;0;523;1673;1799;1921;2169;1820;1378;476;0;Hôpital Maisonneuve-Rosemont (Rosemont / Chatelain)
0;0;0;93;401;424;465;430;401;277;88;0;Hôpital Sacré-Coeur (Forbes)
0;0;0;295;916;715;514;518;424;636;297;0;Hôpital Santa Cabrini (St-Zotique / Jeanne-Jugan)
0;0;0;0;0;0;0;0;214;603;257;0;Irene / St-Jacques
0;0;0;0;0;0;0;170;254;179;65;0;IUSMM (Georges-Villeneuve)
0;0;0;528;1609;1637;1847;1894;1769;1384;563;0;Jacques-Casault / Christophe-Colomb
0;0;0;306;881;1219;1364;1344;1065;758;239;0;Jacques-Le Ber / de la Pointe Nord
0;0;0;1916;6742;5793;6521;5961;5896;4311;1048;0;Jardin Botanique (Pie-IX / Sherbrooke)
0;0;0;448;1374;1945;4136;2723;1478;798;298;0;Jean Langlois / Fullum
0;0;0;1600;5435;5496;5609;6113;5224;3711;1329;0;Jean-Brillant / de la Côte-des-Neiges
0;0;0;0;0;0;0;0;0;0;0;0;Jeanne Le Moyne / Jacques-Le Ber
0;0;0;1107;3232;3723;4629;4926;4405;3380;1194;0;Jeanne-d'Arc / Ontario
0;0;0;267;1665;1921;2306;2439;2214;1849;697;0;Jeanne-Mance / Beaubien
0;0;0;714;758;0;0;0;0;0;0;0;Jeanne-Mance / Bernard
0;0;0;1499;6629;7712;8579;9242;9283;8114;3072;0;Jeanne-Mance / Laurier
0;0;0;974;3825;4550;5225;4902;4355;2892;972;0;Jeanne-Mance / René-Lévesque
0;0;0;0;0;0;0;19;43;33;21;0;Jeanne-Mance / St-Martin O
0;0;0;1870;5579;6374;7195;7601;7537;6334;2472;0;Jeanne-Mance / St-Viateur
0;0;0;259;843;986;1451;1393;1043;709;248;0;Jogues / Allard
0;0;0;1018;3154;3660;3973;3995;3782;2669;1012;0;Joseph-Manseau / René-Lévesque
0;0;0;0;0;0;0;0;0;3;14;0;Keller / Cousineau
0;0;0;0;0;602;0;0;0;0;0;0;King / de la Commune
0;0;0;318;1364;1478;1165;1121;1071;877;363;0;Kirkfield / de Chambois
0;0;0;706;2286;2488;2771;2471;2119;1799;615;0;la Fontaine / Alexandre-de-Sève
0;0;0;134;810;1163;1786;1662;944;829;71;0;La Ronde
0;0;0;493;1621;1888;1982;2176;1748;2116;946;0;La Tour de Montréal (Pierre-de-Coubertin / Bennett)
0;0;0;1357;3580;4086;4769;5019;4968;4017;1581;0;Labadie / du Parc
0;0;0;0;0;0;0;0;0;452;232;0;Labelle / Ste-Catherine
0;0;0;144;621;1068;1019;1155;1235;905;355;0;Lacombe / Victoria
0;0;0;158;503;578;661;664;595;370;137;0;Laforest / Dudemaine
0;0;0;463;1673;1975;2123;2120;1886;1484;547;0;Lajeunesse / de Liège
0;0;0;536;1299;1598;1921;552;0;0;0;0;Lajeunesse / Jarry
0;0;0;817;2873;3169;3747;3896;3462;2942;1103;0;Lajeunesse / Villeray
0;0;0;0;110;86;119;151;144;151;50;0;Langelier / Marie-Victorin
0;0;0;41;263;454;603;552;487;282;114;0;Lapierre / Serge
0;0;0;940;2761;3379;3481;3778;3821;3226;1351;0;Larivière / de Lorimier
0;0;0;271;914;875;1019;954;638;467;140;0;LaSalle / 37e avenue
0;0;0;307;841;883;822;660;503;267;114;0;LaSalle / 80e avenue
0;0;0;17;250;280;270;267;200;109;37;0;LaSalle / 90e avenue
0;0;0;397;1186;1196;1339;1205;920;555;166;0;LaSalle / Crawford
0;0;0;540;1559;1757;2066;2117;1396;1018;377;0;LaSalle / Godin
0;0;0;1511;3703;4379;4650;3428;2679;2474;1004;0;Laurier / de Bordeaux
0;0;0;3323;10580;11330;13841;14417;11584;8648;2830;0;Laurier / de Brébeuf
0;0;0;0;0;0;0;134;7;0;0;0;Laurier / Parisi
0;0;0;1659;4761;5343;6264;6596;6154;5012;1887;0;Laval / du Mont-Royal
0;0;0;1673;5142;5611;6599;7010;8250;7752;2973;0;Laval / Duluth
0;0;0;1491;4482;4957;5558;5690;5983;5299;2034;0;Laval / Rachel
0;0;0;0;0;0;0;17;45;35;19;0;Le Corbusier / St-Martin O
0;0;0;79;306;406;354;163;223;194;82;0;Legrand / Cartier
0;0;0;0;0;0;8;29;0;0;0;0;Legrand / Laurier
0;0;0;302;985;1063;1204;1205;965;812;347;0;Leman / de Chateaubriand
0;0;0;211;497;597;688;733;612;101;0;0;Lespérance / de Rouen
0;0;0;0;0;0;0;195;0;0;0;0;Letourneaux / Ste-Catherine
0;0;0;199;787;826;899;901;887;699;276;0;Letourneux / Hochelaga
0;0;0;355;1137;1415;1587;2598;2641;2022;763;0;Letourneux / Ste-Catherine
0;0;0;610;2060;2312;1649;2324;2298;1801;599;0;Lincoln / du Fort
0;0;0;383;1046;1130;1299;1333;950;373;115;0;Lionel-Groulx / George-Vanier
0;0;0;210;612;627;750;707;585;433;139;0;Liébert / Hochelaga
0;0;0;270;905;1742;2099;2092;1630;1443;556;0;Logan / d'Iberville
0;0;0;924;2693;3050;3228;3210;2864;2401;882;0;Logan / de Champlain
0;0;0;798;2422;2830;2912;2890;2690;2020;755;0;Logan / Fullum
0;0;0;1150;3138;3566;3868;4208;3865;3341;1289;0;Louis-Hébert / Beaubien
0;0;0;431;1307;1530;1723;1635;1577;1247;474;0;Louis-Hébert / Bélanger
0;0;0;658;2240;2609;2926;2787;2734;2377;919;0;Louis-Hébert / de Bellechasse
0;0;0;502;1394;1364;1502;1615;1595;1450;573;0;Louis-Hébert / St-Zotique
0;0;0;655;1852;2055;2219;2209;2164;1631;686;0;Louis-Hémon / Jean-Talon
0;0;0;844;2159;2512;3040;3158;2793;2640;910;0;Louis-Hémon / Rosemont
0;0;0;414;962;586;676;529;0;0;0;0;Louis-Hémon / Villeray
0;0;0;0;0;8;166;352;404;220;90;0;Louisbourg / O'brien
0;0;0;478;1749;2083;2061;1940;1782;1217;236;0;Lucien L'Allier / St-Jacques
0;0;0;222;729;681;446;437;411;274;122;0;Lusignan / St-Jacques
0;0;0;1826;5697;6637;6862;6494;4756;3126;1068;0;Léa-Roback / Sir-Georges-Etienne-Cartier
0;0;0;1525;7289;8044;8757;8789;10365;8475;3191;0;Mackay / de Maisonneuve
0;0;0;0;1442;1671;2371;2422;2453;1989;350;0;Mackay / Sainte-Catherine
0;0;0;849;3042;3164;3142;3202;3026;2762;1522;0;Mackay / Ste-Catherine
0;0;0;738;2208;2227;2745;2892;2897;2584;1132;0;Maguire / Henri-Julien
0;0;0;0;0;0;0;360;1322;1123;284;0;Maguire / Saint-Dominique
0;0;0;0;0;0;0;0;0;0;190;0;Maguire / St-Dominique
0;0;0;1497;4605;5253;6023;6381;6040;5090;1919;0;Maguire / St-Laurent
0;0;0;43;141;160;190;167;142;153;31;0;Mairie d'arrondissement LaSalle (Dupras / Jeannette)
0;0;0;54;79;102;84;112;89;128;53;0;Mairie d'arrondissement Montréal-Nord (Hébert / de Charleroi)
0;0;0;0;0;0;0;162;227;181;66;0;Mairie d'arrondissement St-Laurent (Beaudet / Marcel-Laurin)
0;0;0;0;0;203;1172;1196;797;861;360;0;Mansfield / Cathcart
0;0;0;1332;4436;3973;3237;3005;2485;1909;847;0;Mansfield / Ste-Catherine
0;0;0;2297;7486;6901;8370;7595;6130;4367;1452;0;Marché Atwater
0;0;0;0;1968;2449;3159;2903;2100;1847;709;0;Marché Jean-Talon (Casgrain / Shamrock)
0;0;0;1660;4820;4859;6096;6288;5173;4072;1378;0;Marché Jean-Talon (Henri-Julien / Jean-Talon)
0;0;0;842;2870;3326;3771;3659;3124;2420;885;0;Marché Maisonneuve
0;0;0;827;2487;2907;3113;2476;2700;1975;786;0;Marcil / Sherbrooke
0;0;0;1580;4049;4564;4886;5275;2780;1956;765;0;Marie-Anne / de la Roche
0;0;0;603;1734;2115;2174;3193;4200;3854;1692;0;Marie-Anne / Papineau
0;0;0;1221;3537;4038;4277;4067;4020;3707;1519;0;Marie-Anne / St-Hubert
0;0;0;7;0;0;0;0;0;0;0;0;Marmier
0;0;0;1529;4713;6059;7251;7426;7015;6225;2623;0;Marmier / St-Denis
0;0;0;760;2464;2782;2944;3131;2767;2224;734;0;Marquette / des Carrières
0;0;0;3755;10775;13184;15435;16222;14530;12884;4957;0;Marquette / du Mont-Royal
0;0;0;271;743;833;900;879;844;694;272;0;Marquette / Fleury
0;0;0;689;1648;1893;3248;3287;3504;3161;1213;0;Marquette / Gilford
0;0;0;331;775;900;898;257;0;0;0;0;Marquette / Jean-Talon
0;0;0;2292;6428;7209;8114;8259;7996;7110;2659;0;Marquette / Laurier
0;0;0;2194;5851;6046;6674;6357;6216;5056;1941;0;Marquette / Rachel
0;0;0;709;1925;2110;2414;2333;2469;1942;806;0;Marquette / Villeray
0;0;0;0;0;0;0;54;41;24;15;0;Mayfield / St-Martin O
0;0;0;254;812;792;771;1244;1471;1197;473;0;McCulloch / de la Côte Ste-Catherine
0;0;0;866;3433;3520;2822;3305;3871;2850;1151;0;McKenna / Édouard-Montpetit
0;0;0;245;955;1129;1260;1242;1014;632;170;0;McLynn / Plamondon
0;0;0;0;0;0;0;28;54;40;13;0;McNamara / St-Martin O
0;0;0;2481;7254;7000;7164;8356;14339;12250;5399;0;McTavish / Sherbrooke
0;0;0;465;1887;2002;2490;2587;2715;2309;833;0;Melville / de Maisonneuve
0;0;0;1531;4366;5137;6067;6765;5708;4916;1873;0;Messier / du Mont-Royal
0;0;0;705;1609;1677;1671;1687;1894;1949;948;0;Messier / St-Joseph
0;0;0;791;2513;2914;2984;2866;2761;2412;958;0;Metcalfe / de Maisonneuve
0;0;0;704;2319;2807;2323;2749;2542;2056;809;0;Metcalfe / du Square-Dorchester
0;0;0;547;3309;3953;4595;4625;5098;4374;1675;0;Metcalfe / St-Catherine
0;0;0;128;414;462;580;499;351;258;96;0;Michelet / Jean-Talon
0;0;0;2107;7257;9410;9156;10129;10536;8421;3037;0;Milton / Clark
0;0;0;1957;6184;6870;7378;7328;8367;6994;2739;0;Milton / du Parc
0;0;0;2332;6845;7067;6933;7830;9108;7307;3069;0;Milton / Durocher
0;0;0;930;2785;3214;3400;3602;3147;2488;894;0;Molson / Beaubien
0;0;0;900;1882;2028;2263;2511;2323;1820;796;0;Molson / William-Tremblay
0;0;0;285;829;858;1094;1098;861;667;235;0;Monk / Biencourt
0;0;0;0;44;400;498;341;0;0;0;0;Monk / de Biencourt
0;0;0;0;0;0;0;137;584;511;182;0;Monk / Jacques-Hertel
0;0;0;167;766;1065;1335;1354;1081;742;176;0;Monsabré / Boileau
0;0;0;1019;2317;2876;3011;2515;2403;2539;1058;0;Montcalm / de Maisonneuve
0;0;0;618;1489;1649;1965;1989;2346;1856;658;0;Montcalm / Ontario
0;0;0;0;0;0;0;0;899;1516;588;0;Montmorency / Richardson
0;0;0;676;205;0;0;0;0;0;0;0;Mozart / Casgrain
0;0;0;949;2786;1935;1221;3038;2874;2585;1017;0;Mozart / St-Laurent
0;0;0;309;764;1286;1639;1648;1295;1089;439;0;Mozart / Waverly
0;0;0;491;1435;1701;1957;1797;1848;1493;529;0;Métro Acadie (de l'Acadie / Beaumont)
0;0;0;548;1777;1914;2071;1921;1644;1084;387;0;Métro Angrignon (Lamont /  des Trinitaires)
0;0;0;425;1259;1486;1407;1547;1450;1114;437;0;Métro Assomption (Chauveau / de l'Assomption)
0;0;0;3172;11040;12305;13627;14104;12383;9845;3624;0;Métro Atwater (Atwater / Ste-Catherine)
0;0;0;2219;6158;7126;8215;8875;7770;7081;2793;0;Métro Beaubien (de Chateaubriand / Beaubien)
0;0;0;0;0;0;0;0;1383;18;0;0;Métro Beaudry ( Beaudry / Ste-Catherine)
0;0;0;0;0;0;0;0;51;1726;0;0;Métro Beaudry ( Montcalm / Ste-Catherine)
0;0;0;0;0;0;0;0;0;186;910;0;Métro Beaudry (Beaudry / Ste-Catherine)
0;0;0;1139;4192;4406;4629;3898;3546;2064;780;0;Métro Beaudry (Montcalm / de Maisonneuve)
0;0;0;817;2940;3264;3203;3397;3187;2736;1123;0;Métro Bonaventure (de la Gauchetière / de la Cathédrale)
0;0;0;0;0;0;0;298;716;529;225;0;Métro Cadillac (Cadillac / Sherbrooke)
0;0;0;542;1663;1485;747;1315;697;578;144;0;Métro Cadillac (de Cadillac / Sherbrooke)
0;0;0;171;484;561;593;594;285;336;94;0;Métro Cartier
0;0;0;1025;3307;3723;4528;4409;3604;2607;955;0;Métro Champ-de-Mars (Viger / Sanguinet)
0;0;0;1312;3850;4218;4811;4514;4346;3383;1265;0;Métro Charlevoix (Centre / Charlevoix)
0;0;0;648;2027;2289;2527;2692;2898;2416;1065;0;Métro Crémazie (Crémazie / Lajeunesse)
0;0;0;782;2567;2783;3080;3287;3042;2589;888;0;Métro de Castelnau (de Castelnau / St-Laurent)
0;0;0;895;2764;3349;4076;3737;2866;2057;734;0;Métro de l'Église (Ross / de l'Église)
0;0;0;28;107;167;198;176;183;114;42;0;Métro de la Concorde (Léo-Lacombe)
0;0;0;168;477;650;636;753;652;469;163;0;Métro de la Savane (de Sorel / Bougainville)
0;0;0;200;558;888;945;1014;799;549;238;0;Métro du Collège (Cartier / Décarie)
0;0;0;344;1098;1241;1236;1970;2420;2193;838;0;Métro Fabre (Marquette / Jean-Talon)
0;0;0;1104;3354;3976;4748;4700;4107;3423;1317;0;Métro Frontenac (Ontario / du Havre)
0;0;0;742;2268;2509;2765;2742;2392;1966;836;0;Métro Georges-Vanier (St-Antoine / Canning)
0;0;0;2692;8588;9273;8174;3937;4676;3601;1139;0;Métro Guy-Concordia (Guy / St-Catherine)
0;0;0;471;1581;1640;1947;2039;1736;1337;444;0;Métro Henri-Bourassa (Henri-Bourassa / Millen)
0;0;0;362;1177;1409;1478;1477;1364;1027;409;0;Métro Honoré-Beaugrand (Sherbrooke / Honoré-Beaugrand)
0;0;0;727;2627;3015;3433;5044;5076;4320;1643;0;Métro Jarry (Lajeunesse / Jarry)
0;0;0;1110;2875;3465;3969;3995;3783;3329;1273;0;Métro Jean-Talon (Berri / Jean-Talon)
0;0;0;408;1362;1556;1682;1801;1694;1238;446;0;Métro Jolicoeur (de Sève / Drake)
0;0;0;1204;3595;4300;4920;5107;4808;3691;1421;0;Métro Joliette  (Joliette / Hochelaga)
0;0;0;360;1303;1380;1445;1420;1302;944;343;0;Métro Langelier (Langelier / Sherbrooke)
0;0;0;1081;3103;3530;3731;3932;3539;2505;1017;0;Métro Lasalle (de Rushbrooke / Caisse)
0;0;0;0;0;0;0;5693;6086;5515;2246;0;Métro Laurier (Berri / Laurier)
0;0;0;1188;3564;3614;3699;4689;4327;3791;1611;0;Métro Laurier (Berri / St-Joseph)
0;0;0;187;4367;2113;0;0;0;0;0;0;Métro Laurier (Bibaud / Rivard)
0;0;0;3084;3597;7291;10939;4089;5381;4550;1832;0;Métro Laurier (Rivard / Laurier)
0;0;0;0;0;0;893;1171;1396;960;230;0;Métro Lionel-Groulx (Saint-Jacques/ Atwater)
0;0;0;552;2310;2677;3039;2860;2509;1941;959;0;Métro Lionel-Groulx (St-Jacques / Atwater)
0;0;0;0;215;709;173;0;0;0;0;0;Métro Lionel-Groulx (Walker / Saint-Jacques)
0;0;0;238;1060;1283;1454;1374;1350;897;255;0;Métro Longueuil - Université de Sherbrooke
0;0;0;574;1889;2221;2501;2218;2340;2063;1011;0;Métro Lucien-L'Allier  (Lucien l'Allier / Argyle)
0;0;0;598;1861;2099;2679;2301;2128;1548;541;0;Métro Monk (Allard / Beaulieu)
0;0;0;4709;14876;19433;22999;24080;22745;17748;6815;0;Métro Mont-Royal (Rivard / du Mont-Royal)
0;0;0;112;411;408;467;589;281;320;145;0;Métro Montmorency
0;0;0;2399;7633;9263;10948;10901;9137;7155;2676;0;Métro Papineau (Cartier / Ste-Catherine)
0;0;0;1086;3560;3978;4267;4801;4318;3543;1352;0;Métro Parc  (Hutchison / Ogilvy)
0;0;0;1355;8165;10122;10797;11249;10468;7862;3122;0;Métro Peel (de Maisonneuve / Stanley)
0;0;0;395;1316;2523;3136;3565;3207;2471;976;0;Métro Pie-IX (Pierre-de-Coubertin / de la Salle)
0;0;0;402;1252;102;0;0;0;0;0;0;Métro Pie-IX (Pierre-de-Coubertin / De La Salle) (2)
0;0;0;1141;3689;4344;4253;4321;4004;2992;1188;0;Métro Place St-Henri (St-Ferdinand / St-Jacques)
0;0;0;845;2980;3763;4136;3882;3064;2207;606;0;Métro Place-d'Armes (Viger / St-Urbain)
0;0;0;909;3970;4453;4402;5457;6183;4453;1589;0;Métro Place-des-Arts (du Président-Kennedy / Jeanne-Mance)
0;0;0;0;0;0;0;0;501;509;209;0;Métro Plamondon (Carlton / Victoria)
0;0;0;209;909;1130;1280;1735;1196;498;195;0;Métro Plamondon (de Kent / Victoria)
0;0;0;977;3089;3587;3922;4022;3632;3012;1140;0;Métro Préfontaine (Moreau / Hochelaga)
0;0;0;340;1077;1106;1306;1214;1174;896;349;0;Métro Radisson (Sherbrooke / des Groseilliers)
0;0;0;1418;3780;4395;4744;5108;5115;4224;1596;0;Métro Rosemont (de St-Vallier / Rosemont)
0;0;0;309;2247;2697;2899;2988;2919;2203;821;0;Métro Sauvé (Berri / Sauvé)
0;0;0;1907;6141;6976;8195;8231;8484;7112;2949;0;Métro Sherbrooke (de Rigaud / St-Denis)
0;0;0;880;2812;3361;2765;2225;3101;2218;801;0;Métro Snowdon (de Westbury / Queen-Mary)
0;0;0;0;0;0;331;1005;0;0;0;0;Métro Snowdon (Dornal / Westbury)
0;0;0;2056;6710;8465;10178;5530;5206;3801;1632;0;Métro St-Laurent (de Maisonneuve / St-Laurent)
0;0;0;0;0;0;0;1487;2440;2232;571;0;Métro St-Laurent 2 ( de Maisonneuve / St-Laurent)
0;0;0;0;0;142;355;0;0;0;0;0;Métro St-Laurent Dépôt ( de Maisonneuve / St-Laurent)
0;0;0;517;1642;1834;1996;2359;2353;1776;698;0;Métro St-Michel (Shaughnessy / St-Michel)
0;0;0;1678;5198;5460;4524;5761;7336;5471;2135;0;Métro Université de Montréal (Édouard-Montpetit / Louis-Collin)
0;0;0;1812;5659;6915;7457;7743;6847;5389;1431;0;Métro Vendôme (de Marlowe / de Maisonneuve)
0;0;0;1048;3244;3723;4266;4306;3906;3139;1164;0;Métro Verdun (Willibrord / de Verdun)
0;0;0;1016;3124;3772;4208;1909;1741;1344;528;0;Métro Viau (Pierre-de-Coubertin / Viau)
0;0;0;0;0;0;0;1813;1349;1254;490;0;Métro Viau (Viau / Pierre-de-Coubertin)
0;0;0;528;1724;2078;2078;2235;2372;1991;720;0;Métro Villa-Maria (de Monkland / Décarie)
0;0;0;647;3105;3561;3028;3347;4582;3631;1353;0;Métro Édouard-Montpetit (du Mont-Royal / Vincent-d'Indy)
0;0;0;456;1401;1750;2510;2288;1299;785;260;0;Natatorium (LaSalle / Rolland)
0;0;0;298;847;812;1080;965;688;514;197;0;Newman / Senkus
0;0;0;576;1716;1485;1476;2290;2696;2044;985;0;Nicolet / Sherbrooke
0;0;0;0;302;604;254;0;0;0;0;0;Northcliffe / Notre-Dame-de-Grâce
0;0;0;1293;4291;5234;5921;5901;5181;4072;1368;0;Notre-Dame / de la Montagne
0;0;0;462;1571;1334;1408;1441;1219;920;324;0;Notre-Dame / Gauvin
0;0;0;0;0;0;837;1356;0;0;0;0;Notre-Dame / Guy
0;0;0;1470;5269;6014;6567;6345;7296;4070;1314;0;Notre-Dame / Jean-d'Estrées
0;0;0;259;601;387;0;0;0;0;0;0;Notre-Dame / Liébert
0;0;0;0;0;0;0;0;0;1405;698;0;Notre-Dame / Murray
0;0;0;465;1713;2118;2663;2612;2167;1440;560;0;Notre-Dame / St-Gabriel
0;0;0;332;846;637;927;1168;1144;935;325;0;Notre-Dame-de-Grâce / Décarie
0;0;0;228;714;742;700;949;1049;744;275;0;Notre-Dame-de-Grâce / Westmount
0;0;0;74;526;501;525;674;455;279;109;0;O'Brien / Poirier
0;0;0;684;2678;2878;3295;3123;2698;2357;910;0;Omer-Lavallée / du Midway
0;0;0;671;1776;2261;2687;2532;2120;1572;600;0;Ontario / Sicard
0;0;0;740;2011;2302;2510;2440;2108;1790;740;0;Ontario / Viau
0;0;0;410;2099;2598;3266;3243;2657;2137;888;0;Ottawa / William
0;0;0;113;450;1193;1071;1378;1205;804;238;0;Palm / St-Rémi
0;0;0;602;3251;4118;4549;4446;3443;3089;1067;0;Panet / Ste-Catherine
0;0;0;613;1792;2178;2110;867;861;638;237;0;Papineau / René-Lévesque
0;0;0;350;1028;1053;1019;1012;1048;892;312;0;Papineau / Émile-Journault
0;0;0;0;0;0;0;172;108;108;41;0;Parc Aimé-Léonard (Gouin / Ste-Gertrude)
0;0;0;0;0;0;0;67;0;0;0;0;Parc Angrignon ( Lacroix / des Trinitaires)
0;0;0;0;0;0;0;22;3;0;0;0;Parc Angrignon (Lacroix / des Trinitaires)
0;0;0;0;0;0;0;12;72;29;22;0;Parc Armand-Bombardier (Perras / Armand-Bombardier)
0;0;0;763;2869;3155;5804;6422;5762;4496;1655;0;Parc Baldwin (Fullum / Sherbrooke)
0;0;0;0;0;0;0;0;0;399;69;0;Parc Beaubien (Stuart / St-Viateur)
0;0;0;0;0;0;0;536;749;584;94;0;Parc Beaubien Outremont (Stuart / St-Viateur)
0;0;0;41;90;156;110;120;75;90;42;0;Parc Beaulac (rue Élizabeth)
0;0;0;377;1254;1640;1704;1817;1454;973;372;0;Parc Benny (Benny / de Monkland)
0;0;0;43;283;222;236;207;186;171;60;0;Parc Chamberland (Dorais / de l'Église)
0;0;0;132;441;669;752;744;672;499;177;0;Parc Champdoré (Champdoré / de Lille)
0;0;0;0;0;0;0;30;49;59;24;0;Parc Charleroi (Alfred / Louis-Francoeur)
0;0;0;0;0;0;51;108;89;96;64;0;Parc Chenier (de l'Aréna / Chenier)
0;0;0;28;187;154;115;75;158;97;33;0;Parc Chopin (Dumouchel / Tessier)
0;0;0;0;0;0;0;117;141;83;35;0;Parc Courbertin (Valéry / Perrier)
0;0;0;64;20;0;0;0;0;0;0;0;Parc d'Antioche ( Place d'Antioche / St-Zotique)
0;0;0;60;142;167;154;87;129;124;29;0;Parc d'Antioche (Place d'Antioche / St-Zotique)
0;0;0;8;164;291;378;256;245;155;64;0;Parc de Beauséjour (Gouin / Henri-d'Arles)
0;0;0;988;3458;3684;3882;4086;5027;3643;1509;0;Parc de Bullion (de Bullion / Prince-Arthur)
0;0;0;260;2004;1949;2102;1673;1374;893;269;0;Parc de Dieppe
0;0;0;0;0;0;54;64;26;11;8;0;Parc de l'Hôtel-de-Ville (Laurendeau / Ste-Julie)
0;0;0;176;852;1653;1793;1680;1169;913;323;0;Parc de la Confédération (Fielding / West Hill)
0;0;0;0;0;0;55;117;57;15;0;0;Parc de Montréal-Est (Notre-Dame Est / David)
0;0;0;34;115;169;224;125;124;126;55;0;Parc Delorme (Malouin / Laferté)
0;0;0;95;371;384;656;746;618;211;70;0;Parc des Hirondelles (Fleury / André-Jobin)
0;0;0;716;2181;1763;2188;1846;1375;903;279;0;Parc des Rapides (LaSalle / 6e avenue)
0;0;0;0;0;0;20;33;28;19;1;0;Parc des Vétérans (des Vétérans / Broadway)
0;0;0;0;0;0;0;0;3;35;15;0;Parc Dixie (54e avenue / Dixie)
0;0;0;83;339;338;384;432;202;229;75;0;Parc du Bois-Franc (de l'Équateur / des Andes)
0;0;0;0;0;0;0;81;97;71;24;0;Parc du Mail (Bois de Coulonges / du Mail)
0;0;0;1356;4656;5440;8531;10655;9143;7531;2842;0;Parc du Pélican (1ère avenue / Masson)
0;0;0;689;2041;2042;2368;2331;1386;1697;695;0;Parc du Pélican (2e avenue / St-Joseph)
0;0;0;0;0;0;0;241;931;59;0;0;Parc du Pélican (Laurier/ 2e avenue)
0;0;0;0;0;0;0;0;26;56;22;0;Parc Ernest-Rouleau (Gouin)
0;0;0;0;0;0;0;182;289;209;99;0;Parc Eusèbe-Ménard (Gouin / St-Vital)
0;0;0;40;152;165;213;178;204;140;46;0;Parc Ferland (Belleherbe / Albanel)
0;0;0;38;436;371;439;406;282;185;83;0;Parc Félix-Leclerc (François-Boivin / St-Zotique)
0;0;0;0;0;0;0;208;281;189;82;0;Parc Garibaldi (Liénart / Bélanger)
0;0;0;194;729;949;953;841;783;479;183;0;Parc Georges St-Pierre (Oxford / Upper Lachine)
0;0;0;0;0;372;446;478;427;316;117;0;Parc Georges St-Pierre (Upper Lachine / Oxford)
0;0;0;27;77;115;148;107;61;60;36;0;Parc Grovehill (St-Antoine / Ivan-Franko)
0;0;0;13;91;98;142;82;130;126;41;0;Parc Henri-Dunant (Léger / Henri-Dunant)
0;0;0;9;0;0;0;0;49;39;21;0;Parc Henri-Durant (Léger / Henri-Durant)
0;0;0;64;1073;1070;1161;1415;1295;895;298;0;Parc Henri-Julien (Legendre / Henri-Julien)
0;0;0;79;287;252;224;218;202;118;51;0;Parc Highlands (Highlands / LaSalle)
0;0;0;195;918;1333;1646;1690;1343;1044;364;0;Parc Howard (de l'Épée / de Liège)
0;0;0;0;0;0;52;0;0;0;0;0;Parc Hébert ( Provencher / Buies)
0;0;0;0;0;0;0;232;408;253;123;0;Parc Hébert (Colbert / Provencher)
0;0;0;0;0;0;25;313;278;216;64;0;Parc Hébert (Provencher / Buies)
0;0;0;16;75;124;95;150;106;57;11;0;Parc Ivan-Franko (33e avenue / Victoria)
0;0;0;693;1881;1799;2091;2170;1492;1584;587;0;Parc J.-Arthur-Champagne (de Chambly / du Mont-Royal)
0;0;0;1909;6607;6828;10242;8856;6441;4499;1177;0;Parc Jean-Drapeau (Chemin Macdonald)
0;0;0;3343;11852;11796;12549;12704;8810;4194;1378;0;Parc Jeanne Mance (monument sir George-Etienne Cartier)
0;0;0;2599;8406;8700;9877;10033;9985;7480;2757;0;Parc Jeanne-Mance (du Mont-Royal / du Parc)
0;0;0;0;0;0;0;0;3048;5641;1949;0;Parc Jeanne-Mance (monument à sir George-Étienne Cartier)
0;0;0;0;0;0;0;796;992;745;356;0;Parc Joseph-Robin (18e avenue / Everett)
0;0;0;294;961;1020;978;1284;1144;954;314;0;Parc Joyce (Rockland / Lajoie)
0;0;0;621;2241;2609;2840;2981;2920;2129;650;0;Parc Kent (de Kent / Hudson)
0;0;0;66;302;278;335;339;229;205;74;0;Parc Kirkland (des Érables / Boyer)
0;0;0;287;1172;1732;2132;1874;1635;1165;369;0;Parc Labelle (LaSalle / Henri-Duhamel)
0;0;0;0;109;0;0;0;0;0;0;0;Parc Labelle (Lasalle/ Henri Duhamel)
0;0;0;0;0;0;0;2496;2108;1460;537;0;Parc Lalancette (de Rouen / Valois)
0;0;0;439;1825;1993;2459;25;0;0;0;0;Parc Lalancette (de Rouen/ Valois)
0;0;0;0;0;0;18;106;46;0;0;0;Parc Langelier - Marie-Victorin
0;0;0;48;215;292;309;253;142;167;69;0;Parc LaSalle (10e avenue / Victoria)
0;0;0;116;592;887;835;988;894;602;142;0;Parc Loyola (Somerled / Doherty)
0;0;0;800;2287;2334;2506;2539;2617;2119;897;0;Parc Ludger-Duvernay (St-André / St-Hubert)
0;0;0;37;379;271;363;300;284;245;76;0;Parc Luigi-Pirandello (de Bretagne / Jean-Rivard)
0;0;0;184;727;1092;1181;1072;970;666;225;0;Parc MacDonald (Clanranald / Isabella)
0;0;0;0;114;0;0;0;0;0;0;0;Parc MacDonald (Earnscliffe / Dupuis)
0;0;0;563;2442;2839;4095;3672;3355;2482;672;0;Parc Maisonneuve (Viau / Sherbrooke)
0;0;0;17;64;84;82;104;136;86;12;0;Parc Marlborough (Beauzèle / Robichaud)
0;0;0;0;0;0;12;34;0;0;0;0;Parc Maurice Bélanger (Forest / de l'Hôtel-de-Ville)
0;0;0;32;149;3;0;38;51;70;30;0;Parc Maurice Bélanger (Hebert / Forest)
0;0;0;0;0;0;0;122;137;96;64;0;Parc Maurice-Bélanger (Hébert / Denommée)
0;0;0;91;1250;1215;1080;1102;799;545;186;0;Parc nature de l'Île-de-la-Visitation (Gouin / de Bruchési)
0;0;0;0;0;0;0;349;637;469;156;0;Parc Nicolas-Tillemont (des Érables / Villeray)
0;0;0;25;119;148;133;97;58;81;35;0;Parc Noel-Nord (Toupin / Keller)
0;0;0;0;0;0;0;580;889;460;128;0;Parc Olympique (Pie-IX / Sherbrooke)
0;0;0;68;193;207;114;175;162;181;84;0;Parc Ottawa (de Belleville / Fleury)
0;0;0;351;711;869;751;801;790;0;0;0;Parc Outremont (Bloomfield / Elmwood)
0;0;0;0;0;0;0;0;25;714;317;0;Parc Outremont (Bloomfield / St-Viateur)
0;0;0;33;267;269;232;370;258;171;58;0;Parc Painter (Marcotte / Quenneville)
0;0;0;221;795;240;2243;2446;1364;786;237;0;Parc Plage
0;0;0;426;1333;1521;1591;1521;1309;1207;419;0;Parc Pratt (Dunlop / Van Horne)
0;0;0;1907;5368;5668;6387;6331;5866;4322;1533;0;Parc Père-Marquette (Chambord / Rosemont)
0;0;0;566;1950;1972;2395;3196;2842;2660;1064;0;Parc Père-Marquette (de Lanaudière / de Bellechasse)
0;0;0;41;174;207;348;389;321;195;48;0;Parc Reine-Élizabeth (Penniston / Crawford)
0;0;0;278;1282;1255;1509;1238;783;375;110;0;Parc riverain de Lachine (des Iroquois)
0;0;0;0;0;0;0;0;0;67;8;0;Parc Saint-Laurent (Dutrisac)
0;0;0;0;59;62;67;124;115;64;20;0;Parc Sauvé (Balzac / de Bayonne)
0;0;0;63;272;199;189;197;180;155;50;0;Parc St-Claude (7e avenue / 8e rue)
0;0;0;377;1021;1167;1228;1338;1004;686;268;0;Parc St-Henri (Laporte / Guay)
0;0;0;47;132;167;184;168;103;85;49;0;Parc St-Laurent (Dutrisac)
0;0;0;43;164;142;134;162;101;104;30;0;Parc St-Laurent (Salk / Thomas-Chapais)
0;0;0;160;500;431;551;510;338;194;71;0;Parc St-Louis (St-Joseph / 34e avenue)
0;0;0;672;2035;2361;2585;2484;2246;1615;430;0;Parc St-Paul (Le Caron / Marc-Sauvalle)
0;0;0;0;0;0;0;0;0;87;208;0;Parc St-Paul (Marc-Sauvalle / Le Caron)
0;0;0;35;214;217;236;192;137;161;63;0;Parc Stoney-Point (St-Joseph / 47e avenue)
0;0;0;47;224;288;339;204;137;156;38;0;Parc Summerlea (53e avenue / St-Joseph)
0;0;0;302;984;1410;1740;816;678;582;225;0;Parc Tino-Rossi (18e avenue / Everett)
0;0;0;321;299;0;0;0;0;207;280;0;Parc Turin (Chambord / Jean-Talon)
0;0;0;80;492;763;757;710;548;397;104;0;Parc Van Horne (de la Peltrie / de Westbury)
0;0;0;275;1066;1644;1990;1872;1712;1335;538;0;Parc Villeray (Christophe-Colomb / Jarry)
0;0;0;41;252;232;218;224;119;165;61;0;Parc Wilfrid-Bastien (Lacordaire / des Galets)
0;0;0;394;1198;1518;1765;1712;1333;801;277;0;Park Row O / Sherbrooke
0;0;0;1094;3572;4478;5473;5667;4706;4078;1579;0;Parthenais / du Mont-Royal
0;0;0;351;1050;0;0;0;0;0;0;0;Parthenais / Ste-Catherine
0;0;0;278;1085;1381;1538;1538;1109;795;287;0;Paré / Mountain Sights
0;0;0;0;1960;4867;5850;5358;4716;3472;1255;0;Peel / Ottawa
0;0;0;207;591;645;759;876;679;490;173;0;Pierre-de-Coubertin / Langelier
0;0;0;0;0;0;0;25;40;35;27;0;Pierre-Péladeau / du Centropolis
0;0;0;478;2827;3681;4167;4301;3882;2654;1084;0;Place d'Youville / McGill
0;0;0;0;0;0;0;0;983;1688;715;0;Place des Festivals ( du Président-Kennedy / de Bleury)
0;0;0;0;241;28;0;0;0;0;0;0;Place du Canada ( Peel / de la Gauchetière)
0;0;0;339;1861;3210;3602;3400;3672;3097;1278;0;Place du Canada (Peel / de la Gauchetière)
0;0;0;644;2048;2157;2542;2313;1957;1462;499;0;Place du Commerce
0;0;0;18;108;131;172;136;115;60;15;0;Place du Village (St-Jean-Baptiste / Notre-Dame)
0;0;0;23;74;73;115;79;46;28;6;0;Place du Village-de-la-Pointe-aux-Trembles (St-Jean-Baptiste / Notre-Dame)
0;0;0;30;170;272;286;218;246;125;39;0;Place Longueuil
0;0;0;293;943;1142;1114;1222;1071;811;340;0;Place Rodolphe-Rousseau (Gohier / Édouard-Laurin)
0;0;0;1224;3808;3997;1851;3549;2775;1630;644;0;Place Émilie-Gamelin (St-Hubert / de Maisonneuve)
0;0;0;299;1127;1306;1537;1472;2030;1853;667;0;Plessis / Logan
0;0;0;1100;3113;3503;3898;4017;3818;3357;1281;0;Plessis / Ontario
0;0;0;606;1868;2248;2426;2192;1812;1067;219;0;Plessis / René-Lévesque
0;0;0;1700;4406;4508;4679;4684;4434;4179;1674;0;Pontiac / Gilford
0;0;0;639;1832;2383;2174;2323;2154;1753;715;0;Poupart / Ontario
0;0;0;707;2188;2675;3086;2859;2410;1868;724;0;Poupart / Ste-Catherine
0;0;0;156;643;832;924;1341;1331;1126;497;0;Pratt / Bates
0;0;0;3709;9328;10416;11653;11627;12741;11141;4467;0;Prince-Arthur / du Parc
0;0;0;1261;3902;4304;4470;4002;5030;4209;1784;0;Prince-Arthur / St-Urbain
0;0;0;0;0;0;0;8;156;211;92;0;Préfontaine / Marcel-Pépin
0;0;0;159;585;556;661;848;898;714;261;0;Péloquin / Fleury
0;0;0;174;993;1353;1724;1488;1107;679;206;0;Quai de la navette fluviale
0;0;0;915;2071;1565;2689;2894;2065;1561;90;0;Queen / Wellington
0;0;0;0;0;0;0;0;596;917;310;0;Querbes / Ball
0;0;0;1027;3120;3578;3498;3317;3442;3091;1113;0;Querbes / Laurier
0;0;0;434;1359;1505;1532;1586;1311;1099;431;0;Quesnel / Vinet
0;0;0;2054;6977;7325;8080;8046;7061;4654;1641;0;Rachel / de Brébeuf
0;0;0;0;0;0;4465;5409;0;0;0;0;Rachel / du Parc-Lafontaine
0;0;0;803;2119;2468;2821;2554;2597;1942;786;0;Regina / de Verdun
0;0;0;0;0;0;2;0;0;0;0;0;René- Lévesque /Papineau
0;0;0;7;0;0;0;0;0;0;0;0;René-Lévesque / 9e avenue
0;0;0;0;0;0;387;1737;1413;1184;549;0;René-Lévesque / Papineau
0;0;0;1898;5760;7273;9141;9929;8961;7375;2763;0;Resther / du Mont-Royal
0;0;0;71;399;535;643;582;479;333;93;0;REV (Souligny / Desmarteau)
0;0;0;895;2722;3347;3778;4014;2309;1054;438;0;Richardson / de Montmorency
0;0;0;1276;5243;5797;7370;6770;5810;4190;1525;0;Richmond / des Bassins
0;0;0;1872;5379;6085;7520;7647;7352;6079;2288;0;Rivard / Rachel
0;0;0;816;1985;2239;2288;1271;970;779;245;0;Rivier / Davidson
0;0;0;0;0;2;0;0;0;0;0;0;Robert Bourassa / Sainte-Catherine
0;0;0;0;0;0;0;0;0;1048;787;0;Robert-Bourassa / de Maisonneuve
0;0;0;0;0;1882;2929;3384;2987;1101;0;0;Robert-Bourassa / Ste-Catherine
0;0;0;93;247;240;244;268;161;149;61;0;Robin / 15e rue
0;0;0;0;0;0;197;1201;42;0;0;0;Robin / de la Visitation
0;0;0;672;2329;2609;2776;2691;2235;1510;579;0;Ropery / Augustin-Cantin
0;0;0;0;0;0;0;0;0;199;93;0;Ropery / Grand Trunk
0;0;0;502;1805;2187;2339;2120;2013;1377;491;0;Rose-de-Lima / Workman
0;0;0;946;2973;2862;2475;2140;1711;1189;314;0;Rosemont / Viau
0;0;0;145;615;753;1029;1361;1337;1035;484;0;Rousselot / Jarry
0;0;0;1829;5238;5699;5813;6407;6381;5691;2268;0;Roy / St-André
0;0;0;2450;7201;8097;9210;9118;9024;7211;2952;0;Roy / St-Denis
0;0;0;2618;8005;7633;5280;5617;5675;5091;2265;0;Roy / St-Laurent
0;0;0;629;1957;2429;2924;3020;2427;1792;751;0;Ryde / Charlevoix
0;0;0;33;110;175;261;295;298;212;50;0;Sabrevois / des Récollets
0;0;0;0;0;0;0;498;97;0;0;0;Saint-Viateur / Casgrain
0;0;0;0;0;0;992;347;0;0;0;0;Sainte-Catherine / Guy
0;0;0;0;852;1936;749;0;0;0;0;0;Sainte-Catherine / Parthenais
0;0;0;0;43;0;0;0;0;0;0;0;Sainte-Catherine / Union
0;0;0;913;3570;3739;4441;3836;4262;3369;1362;0;Sanguinet / de Maisonneuve
0;0;0;1424;2160;1672;1797;2386;2845;2233;850;0;Sanguinet / Ontario
0;0;0;0;0;0;0;0;897;1218;253;0;Sanguinet / Sainte-Catherine
0;0;0;757;2948;3202;1992;1837;799;0;209;0;Sanguinet / Ste-Catherine
0;0;0;412;1462;1804;2213;2026;1800;1462;608;0;Shearer / Centre
0;0;0;592;1749;2099;2292;2447;1949;1754;615;0;Sherbrooke / Frontenac
0;0;0;262;908;983;998;1060;1150;888;333;0;Sherbrooke / Vignal
0;0;0;0;0;0;0;416;805;642;234;0;Sicard / Adam
0;0;0;0;0;0;0;0;804;1123;467;0;Soeurs-Grises / Margueritte d'Youville
0;0;0;0;0;0;0;0;0;0;4;0;Square Nelligan (des Appalaches / Alexis-Nihon)
0;0;0;2449;7866;9081;9080;9693;9904;7950;3117;0;Square St-Louis (du Square St-Louis / Laval)
0;0;0;1132;4431;5107;5614;5800;5074;3872;1559;0;Square Victoria (Viger / du Square-Victoria)
0;0;0;0;0;0;0;0;0;527;327;0;Square Viger (Berri / Viger)
0;0;0;1383;4292;4488;4700;4576;4559;3856;1449;0;St-Alexandre / Ste-Catherine
0;0;0;347;1279;1971;2340;2328;1957;1605;677;0;St-Ambroise / Louis-Cyr
0;0;0;826;3298;3542;3979;6035;6145;5143;1946;0;St-André / Cherrier
0;0;0;899;2862;3323;3688;3778;3175;2791;1078;0;St-André / Ontario
0;0;0;538;1598;1740;2123;2003;1783;1459;549;0;St-André / Robin
0;0;0;674;2152;2470;2694;2509;2238;1709;660;0;St-André / St-Antoine
0;0;0;2022;6443;8094;8968;9109;8790;7513;3071;0;St-André / Ste-Catherine
0;0;0;622;1882;2287;3497;3298;3050;2989;979;0;St-Antoine / de la Montagne
0;0;0;453;1988;2008;1506;2517;1966;1580;295;0;St-Antoine / St-François-Xavier
0;0;0;1759;6832;8621;7202;9577;9222;6931;2812;0;St-Catherine / St-Laurent
0;0;0;54;184;241;367;269;247;194;63;0;St-Charles / Grant
0;0;0;0;0;44;217;188;173;91;34;0;St-Charles / Labonté
0;0;0;70;159;253;242;154;167;97;42;0;St-Charles / Montarville
0;0;0;55;221;207;123;128;110;69;6;0;St-Charles / St-Sylvestre
0;0;0;718;3537;4766;6460;5547;3899;2706;844;0;St-Charles / Thomas-Keefer
0;0;0;641;1457;1941;1640;0;0;0;0;0;St-Christophe / Cherrier
0;0;0;418;2204;2449;2618;2645;2566;1733;600;0;St-Christophe / René-Lévesque
0;0;0;0;0;0;275;1288;1914;1495;559;0;St-Cuthbert / St-Urbain
0;0;0;498;1724;1989;2374;2755;2827;2268;795;0;St-Cyril / Wiseman
0;0;0;746;3760;4571;2440;2485;2591;1987;846;0;St-Denis / René-Lévesque
0;0;0;0;0;209;3671;3860;3492;2497;1052;0;St-Denis / Ste-Catherine
0;0;0;540;2032;2837;2659;2788;3349;2287;861;0;St-Dominique / Bernard
0;0;0;1357;4457;4897;5260;5181;4999;4279;1610;0;St-Dominique / de Bellechasse
0;0;0;944;4194;5368;6073;6100;5916;5243;1636;0;St-Dominique / du Mont-Royal
0;0;0;581;1904;2023;2093;2168;1727;1375;533;0;St-Dominique / Gounod
0;0;0;739;2698;3075;3542;3495;3044;2489;860;0;St-Dominique / Jean-Talon
0;0;0;2682;9136;9999;10823;11484;11025;9419;3492;0;St-Dominique / Laurier
0;0;0;1497;4681;6087;6930;7706;8170;7339;2997;0;St-Dominique / Napoléon
0;0;0;2496;7924;8964;9069;10052;10753;9042;3757;0;St-Dominique / Rachel
0;0;0;1013;3066;3591;3851;4192;4373;3250;1416;0;St-Dominique / St-Viateur
0;0;0;1981;5485;6334;7233;7651;6571;5634;2168;0;St-Dominique / St-Zotique
0;0;0;438;1437;1607;1699;1666;1533;1170;400;0;St-Germain / Hochelaga
0;0;0;195;0;0;0;0;0;0;0;0;St-Gérard / Villeray
0;0;0;0;0;0;0;0;0;0;0;0;St-Henri / Gauvin
0;0;0;0;104;808;805;818;793;566;186;0;St-Henri / Notre-Dame
0;0;0;0;0;0;0;0;1213;1472;543;0;St-Hubert / de Maisonneuve (nord)
0;0;0;0;0;0;0;0;1297;1471;529;0;St-Hubert / de Maisonneuve (sud)
0;0;0;1726;5119;6162;6683;6814;6832;5152;2081;0;St-Hubert / Duluth
0;0;0;1016;3924;4154;3976;3952;3817;3074;1194;0;St-Hubert / Laurier
0;0;0;324;84;0;0;0;0;0;0;0;St-Hubert / René-Lévesque
0;0;0;580;1617;1689;1855;2085;1868;1635;609;0;St-Hubert / St-Joseph
0;0;0;347;1679;1892;2373;2563;1069;0;0;0;St-Hubert /de Maisonneuve
0;0;0;703;1888;1983;1885;1912;1513;1126;474;0;St-Jacques / des Seigneurs
0;0;0;616;2103;2262;3477;3026;3100;2143;893;0;St-Jacques / McGill
0;0;0;442;1936;2445;3236;3295;2064;790;303;0;St-Jacques / St-Laurent
0;0;0;688;1991;3164;4185;4098;3471;2420;1125;0;St-Jacques / St-Pierre
0;0;0;44;170;174;208;233;147;110;44;0;St-Jean-Baptiste / René-Lévesque
0;0;0;121;348;301;242;267;248;101;20;0;St-Joseph / 21e avenue Lachine
0;0;0;255;480;509;367;237;204;120;58;0;St-Joseph / 34e avenue Lachine
0;0;0;552;1398;1271;994;513;465;516;103;0;St-Joseph / 8e avenue Lachine
0;0;0;10;404;24;0;0;0;0;0;0;St-Joseph /21e avenue Lachine
0;0;0;0;0;301;568;472;331;218;77;0;St-Joseph Lachine / 21e avenue
0;0;0;0;0;0;0;0;607;1146;486;0;St-Laurent / St-Jacques
0;0;0;593;1643;1944;1881;1981;2285;1626;544;0;St-Marc / Sherbrooke
0;0;0;0;0;0;0;0;73;2624;1058;0;St-Marc / Ste-Catherine
0;0;0;0;0;0;0;0;0;1026;313;0;St-Mathieu / Baile
0;0;0;1275;4425;4647;4845;5064;4668;3596;1366;0;St-Mathieu / Sherbrooke
0;0;0;1792;5976;6787;7380;7500;4861;2335;670;0;St-Mathieu / Ste-Catherine
0;0;0;0;0;0;0;0;179;198;0;0;St-Mathieu / Tupper
0;0;0;408;1546;1520;1830;1828;1677;1220;168;0;St-Maurice / Robert-Bourassa
0;0;0;1008;2765;3413;4249;4106;3382;2716;1013;0;St-Nicolas / Place d'Youville
0;0;0;465;2082;2229;2598;2283;1861;1338;528;0;St-Patrick / Briand
0;0;0;0;0;1223;2928;2459;1848;1152;481;0;St-Rémi / Ste Émilie
0;0;0;632;2784;2980;3468;3307;3095;2599;1132;0;St-Urbain / Beaubien
0;0;0;903;2786;3479;4183;3827;3276;2449;1069;0;St-Urbain / de la Gauchetière
0;0;0;1007;3585;4473;5505;4976;3262;1869;904;0;St-Urbain / René-Lévesque
0;0;0;0;0;0;0;0;2028;1646;758;0;St-Viateur / Casgrain
0;0;0;352;112;0;0;0;0;0;0;0;St-Viateur / St-Laurent
0;0;0;138;1651;1852;1941;2081;1753;1457;548;0;St-Zotique / Clark
0;0;0;1200;1318;1485;1729;1968;2317;1270;388;0;Stanley / Sherbrooke
0;0;0;0;0;0;0;0;532;2358;920;0;Ste-Catherine / Bishop
0;0;0;956;2694;3240;3710;3738;3191;2501;991;0;Ste-Catherine / Dezery
0;0;0;865;3554;4852;7039;7841;6276;3320;890;0;Ste-Catherine / Labelle
0;0;0;0;0;887;2417;3007;2704;2168;773;0;Ste-Catherine / Parthenais
0;0;0;0;0;0;85;1070;2119;1656;769;0;Ste-Catherine / Sanguinet
0;0;0;1314;4806;5336;5715;5601;3699;1583;477;0;Ste-Catherine / St-Marc
0;0;0;0;0;0;0;0;1639;0;0;0;Ste-Catherine / St-Mathieu
0;0;0;1107;5028;4854;5135;4749;4305;3485;1264;0;Ste-Catherine / Union
0;0;0;108;428;438;495;511;389;300;82;0;Ste-Claire / Pierre-Tétreault
0;0;0;88;249;269;208;270;225;152;56;0;Ste-Croix / Tassé
0;0;0;887;2621;2426;2388;2620;3034;2615;1156;0;Ste-Famille / des Pins
0;0;0;2069;6356;7941;7818;7899;8708;7166;2709;0;Ste-Famille / Sherbrooke
0;0;0;1069;3764;4123;5188;5121;3959;2732;936;0;Ste-Émilie / Sir-Georges-Etienne-Cartier
0;0;0;311;2219;1068;0;0;0;0;0;0;Ste-Émilie / St-Rémi
0;0;0;84;343;642;786;768;606;344;89;0;Stinson / Montpellier
0;0;0;207;551;602;700;686;197;0;0;0;Stuart / St-Viateur
0;0;0;729;2403;3136;1748;2151;2642;1878;635;0;Swail / Decelles
0;0;0;0;0;0;0;0;0;24;4;0;Terminus Le Carrefour (Terry-Fox / Le Carr)
0;0;0;0;0;0;0;82;102;54;21;0;Terminus Le Carrefour (Terry-Fox / Le Carrefour)
0;0;0;18;192;277;282;216;151;102;39;0;Terminus Newman (Airlie / Lafleur)
0;0;0;91;462;553;558;511;375;306;94;0;Thimens / Alexis-Nihon
0;0;0;276;862;987;1131;1161;1024;833;290;0;Tolhurst / Fleury
0;0;0;55;359;431;468;466;362;197;61;0;Travaux publics LaSalle (Cordner / Léger)
0;0;0;1128;4079;4775;4907;5087;5151;3932;1305;0;Tupper / du Fort
0;0;0;811;2442;2802;3174;3198;2801;2019;799;0;Turgeon / Notre-Dame
0;0;0;584;2000;2109;2396;2287;2935;2071;769;0;U. Concordia - Campus Loyola (Sherbrooke / West Broadway)
0;0;0;826;2143;2568;2833;2507;1787;2171;880;0;Union / René-Lévesque
0;0;0;0;1197;2204;2418;2274;2113;1868;760;0;Union / Ste-Catherine
0;0;0;0;0;0;0;0;0;1255;603;0;University / des Pins
0;0;0;2418;6330;6706;6817;8075;14250;11710;5039;0;University / Milton
0;0;0;1320;4542;4582;4781;5252;8104;6254;2712;0;University / Prince-Arthur
0;0;0;1768;5306;6045;6403;6864;6836;6187;2425;0;Vallières / St-Laurent
0;0;0;665;1848;2166;2604;2673;2557;1837;546;0;Valois / Ontario
0;0;0;648;2047;2380;2758;2797;2545;2013;743;0;Valois / Ste-Catherine
0;0;0;0;0;863;887;959;841;609;309;0;Vendôme / Sherbrooke
0;0;0;101;327;349;356;366;258;192;62;0;Victoria / 18e avenue Lachine
0;0;0;980;3128;3449;3891;3726;3298;2503;988;0;Victoria / de Maisonneuve
0;0;0;776;2438;2607;2742;2600;1982;1635;653;0;Victoria Hall
0;0;0;504;1821;2110;2651;2589;2255;1568;396;0;Viger / Chenneville
0;0;0;1438;4234;4200;4359;4863;4808;2085;746;0;Villeneuve / de l'Hôtel-de-Ville
0;0;0;1505;4297;5281;5558;6038;5994;5053;2001;0;Villeneuve / du Parc
0;0;0;0;0;1389;1718;648;0;0;0;0;Villeneuve / St-Denis
0;0;0;1820;5197;5896;6103;6256;6560;5816;2244;0;Villeneuve / St-Laurent
0;0;0;1229;3465;4061;4067;4189;4676;4119;1618;0;Villeneuve / St-Urbain
0;0;0;274;902;931;961;563;464;300;79;0;Villeray / St-Michel
0;0;0;1393;4387;4751;5264;5464;5184;4531;1889;0;Waverly / St-Viateur
0;0;0;673;1797;1941;2256;2387;2294;1792;712;0;Waverly / St-Zotique
0;0;0;488;1427;1787;1568;1796;2044;1809;650;0;Waverly / Van Horne
0;0;0;0;0;1363;3486;4971;2437;0;0;0;Wellington / 2e avenue
0;0;0;0;0;1593;3615;3383;1987;0;0;0;Wellington / Gordon
0;0;0;0;0;1606;3914;5477;2442;0;0;0;Wellington / Hickson
0;0;0;959;2788;3039;2972;3473;3498;2870;1006;0;Wilderton  / Van Horne
0;0;0;551;2091;2480;2867;2835;2493;1798;747;0;William / Robert-Bourassa
0;0;0;954;3148;3965;4325;4018;3495;2623;964;0;William / St-Henri
0;0;0;0;391;1161;1421;1204;1045;932;394;0;Wolfe / de la Gauchetière
0;0;0;559;1354;1762;1765;1912;1743;1259;381;0;Wolfe / René-Lévesque
0;0;0;1032;2562;2797;3062;2970;2909;2449;927;0;Wolfe / Robin
0;0;0;0;0;0;474;2900;1098;0;0;0;Wolfe / Ste-Catherine
0;0;0;655;2059;2451;2619;2639;2118;1653;625;0;Wurtele / de Rouen
0;0;0;1887;5676;6217;7420;7189;6128;4669;1733;0;Young / Wellington
0;0;0;1406;4330;4667;4023;4479;5740;4529;1855;0;Édouard-Montpetit / de Stirling
0;0;0;2162;7062;7650;6941;8555;7778;6237;2354;0;Émile-Duployé / Sherbrooke
0;0;0;304;1302;1367;1353;1731;2075;1401;605;0;Émile-Journault / de Chateaubriand
